hash,block_number
d795a412752673fcebc5589b13827a2c3f35083b196527cc53a0bbc98948a3a3,0
37d2ac813dfb82f6199e629d7e1b71ecf28732d78d503975ad1b2ff4be1e3473,0
26b12167b058c9df4aa54c273237087030214e8ec713233f929238c8108392a4,0
f41e268a9d3562199ef8687e0c1576bdb902372650e3618c48bd3c44e940cb53,0
b3a040606ec7f2778727335f080ac797992d4fcf4710a67acb5cf27e79cb23fd,0
b2b57431a69274bf4c66c0694dd8a590741e8cb3d5e6ca5070236ce99cbf345e,0
18fdab3e9c5f2bdcc549718596009942a9ab8dd20d0ee694dbab0c1c4beff5d9,0
c7bb4c525f62a6afdb876cf0d3c5ecafeee3be4f225ea53de7973c6563eec95b,0
1ef08f9020d67f24542a6915669d48fda1815942b4ff08beb2b648c16e16c1ba,0
70273566df31a416a2efe51b307c23d22639688ba248dc812d3b3964bb852f08,0
64a4e545c9c53a7f331d47a30ffc04739af4c5a90b636c85bca2addb8555228b,0
a8bd2f772a63580b146261bd2024a65f4a198a54d028e1ea1e787e7e9b39f74e,0
9a90bac66de4b1517226ded59901f7f084afbafb17dd6c58ada804c3e77e2b6e,0
9c1001359859d48d180a86549976c61ea808ebc16fd343411a5dd7887f76922c,0
18c7e95796c0ea3b0e39ba4beb5aefa21a0c71bf55c3023c0c7b318dc82b982a,0
4fddec81764cc9fb0cf096b38d8e6f449806897e2d6c982e458e52c523042439,0
badebb999d4272c040fecd6637ffe4795cc77f381178783619af9c76c45749e9,0
ad0617eefbef457974801d3ee7d0f326f2add2121bf234538c148981a32be3c1,0
1c476d05fcd1660e33b95d3f6424537133f725d789ee2d0281767f716822635f,0
0d90f577fc67a29fa2d01ae4cf1d9522c803b5c2c49d838adf1a3fd6acabdc8f,0
b5f0e331090c993dbe6e750205af16e68a4d3153d6ce7d0bb57e4585b450814d,0
e89fbedf5b3ba8eeb0073a3d8f4cf6a39c0d2f2d9cdfa63115288482ab0934b5,0
cdedf45dcaf032c9e5baca31d8df27d4deca298e8ef87e72312fd50df2644674,0
de21b36835628b56b378b392e5eb896a42606a279ed42e5855412206c7d70a47,0
30d03cd49845051a3526a1221af6740244c1cf72198aa63926e051333263ebb7,0
8775f5c60770ac6a7d2e5d09df427b9b3f3d6a99cc338f1d1a0f51b967dcff55,0
2607ce97fd457e4f68e79edea1117f6b1af36517ebd85338d819c9868a2ddb1f,0
7e6b9e6db8885e12f91845bf9177e91b5e49c25fa139bca5fd6154af2c3d452e,0
50d2bafe083466dd862daba2d7b9ec9ea83779e904a45ae1860dc70ce55d2ca2,0
d897a4ada215c2ff0665ad03e30e311736e116bb5dd73cf5c82bde605924d140,0
5a39ec9cd17cb54f003f2fbc2c9e1da338ca626d16db21c5c00b7fbe3572bc2d,0
3223f307324550198b82c4c6247c46f2892d179723847e288b3beb68d30d2b62,0
ff7d690b4916fad86fdea9aabe8193a6a826e85451a6bb52ea01698741c7d3a4,0
fea390ebb49051f2c511379877b2c6a885993ec2e52ece7e567634a59612694f,0
ad020118d6712ce62f46fce59e735690c9ddb7678e96efe0e3331f24ecb0fa3b,0
ffe191f66ea3563c324f4ce9260ae22678c155e3f988e7e2c04a95c74c49baf3,0
a76032bfba2a104869136193f4712e1e69155ed3a196930824ddc53e19815166,0
c26996b3ec8f94be4abe612d209c97f694ef5526ef88950304fa81a21a8f1b92,0
0e7bb7328a769131196ea2facc0a5d5466e075d472934f5509bdcd20735c7c26,0
54c869934d8d0f5fc265b838eb32ad04d49748d2e5b67e3c3e8f7f98924b066c,0
2fad6882cc84473156e121c95b4edd1d471904304f097dbe35eb99ee4ef18cf5,0
1299d8119aca8920a205113bd6fce0ca9525ea178aa7ea9006ab3a75531e3d75,0
697447d72c067d5c525d9df4a2526f3ab352a5f3cebf9dc05ae63d089b249ac2,0
a374b60f768354f38d9258e35e1d79dc754147f9ff081dcc465f7fc48bbe8b79,0
9235565f6acab7dfb3c1630a48f32c6753bf3e81a712d4ea95c93036f3881cf0,0
298210eb495cb7bbe1401bb96942b9a636bcd939523e4749e932c2e5d0d0a4eb,0
bf6293c06f2a340843e9f4a2856295e5b057de6699a416704130c682c3474edf,0
cf42c6b28baa9766f43e5d047b0133b8a73dfee26d76293a8c851531adbd74eb,0
a165a017d2782170164e930048879f412afeca16b3837385551e173bdfe23d5e,0
c9b1078e230215593fe2b8dbaa8fd52c439da712d854067abcb2067cb24d41df,0
23c58e7970a1684ce1501a86cbd5798378f264a7d42d7c83974e5bcac5eff2db,0
285f9d39f3a2df2b67e29fcc91103a9ef677b973d0ab4d984ce1eff62f7f1c1c,0
e85d49d95c977edadac1b2cebcadd53cc5cefdf55a60d1640a4c1641af08fa4f,0
23b790a2cdf2b9ccbc1f0faa8b67285b837f9ca630d3da8c4ea09ec91fac315e,0
0036cf1ec38c9484dc5e8819f63833aba1fb740a74fc3733b0e08d01f0fef7a7,0
2c8bba32e929fc0a06b96bf7d08c17836c4ffce23087797be04a1573ad4fa01d,0
5536828ae23ec729f8dc2dfbf78d5648faa1c0f60fb389823783477b577b55cb,0
5117d22a5fa58fa35cdfe05236f2d336a98cd8bbe8b632d71cd01f779eec3528,0
fcc2bc1626be144f16a7fb3779e2ebc7a5471a1cf78464d5042056a7c3607ddd,0
d051e88dd9a2c2b91ee1baa2ec77b6f7d4425a6d8c928ad84e40cc048844274c,0
20ff853b7938fd0ec141560da7ef2d4a7151958a418f7b660f2e8749f1cbd04f,0
9e54c44a06b20b657e2a90e5e9f6d599d01a7a967f78eab61d3aaa197e73ecf9,0
3ff394bd4487f8a217b2448cd0e734246a833c660e43d2eb005b51cf4efd3876,0
9a90bac66de4b1517226ded59901f7f084afbafb17dd6c58ada804c3e77e2b6e,0
1c476d05fcd1660e33b95d3f6424537133f725d789ee2d0281767f716822635f,0
37d2ac813dfb82f6199e629d7e1b71ecf28732d78d503975ad1b2ff4be1e3473,0
d795a412752673fcebc5589b13827a2c3f35083b196527cc53a0bbc98948a3a3,0
badebb999d4272c040fecd6637ffe4795cc77f381178783619af9c76c45749e9,0
b2b57431a69274bf4c66c0694dd8a590741e8cb3d5e6ca5070236ce99cbf345e,0
9c1001359859d48d180a86549976c61ea808ebc16fd343411a5dd7887f76922c,0
ad0617eefbef457974801d3ee7d0f326f2add2121bf234538c148981a32be3c1,0
a8bd2f772a63580b146261bd2024a65f4a198a54d028e1ea1e787e7e9b39f74e,0
18fdab3e9c5f2bdcc549718596009942a9ab8dd20d0ee694dbab0c1c4beff5d9,0
c7bb4c525f62a6afdb876cf0d3c5ecafeee3be4f225ea53de7973c6563eec95b,0
0d90f577fc67a29fa2d01ae4cf1d9522c803b5c2c49d838adf1a3fd6acabdc8f,0
1ef08f9020d67f24542a6915669d48fda1815942b4ff08beb2b648c16e16c1ba,0
18c7e95796c0ea3b0e39ba4beb5aefa21a0c71bf55c3023c0c7b318dc82b982a,0
4fddec81764cc9fb0cf096b38d8e6f449806897e2d6c982e458e52c523042439,0
70273566df31a416a2efe51b307c23d22639688ba248dc812d3b3964bb852f08,0
64a4e545c9c53a7f331d47a30ffc04739af4c5a90b636c85bca2addb8555228b,0
b5f0e331090c993dbe6e750205af16e68a4d3153d6ce7d0bb57e4585b450814d,0
e89fbedf5b3ba8eeb0073a3d8f4cf6a39c0d2f2d9cdfa63115288482ab0934b5,0
26b12167b058c9df4aa54c273237087030214e8ec713233f929238c8108392a4,0
f41e268a9d3562199ef8687e0c1576bdb902372650e3618c48bd3c44e940cb53,0
b3a040606ec7f2778727335f080ac797992d4fcf4710a67acb5cf27e79cb23fd,0
39faee698e9147adccdced82c43e3192879193e73bc8b5f3f33b78b52615f0df,0
ff7d690b4916fad86fdea9aabe8193a6a826e85451a6bb52ea01698741c7d3a4,0
ffe191f66ea3563c324f4ce9260ae22678c155e3f988e7e2c04a95c74c49baf3,0
2607ce97fd457e4f68e79edea1117f6b1af36517ebd85338d819c9868a2ddb1f,0
7e6b9e6db8885e12f91845bf9177e91b5e49c25fa139bca5fd6154af2c3d452e,0
50d2bafe083466dd862daba2d7b9ec9ea83779e904a45ae1860dc70ce55d2ca2,0
538457f2c90518441b52337b215d2da1dd59026cd9f081a6d3ff7336f2a0848b,0
a76197ae541f5f880be2b0c88eeccbf5b79a862b9bd5dd15e51222e77e4dbacf,0
de21b36835628b56b378b392e5eb896a42606a279ed42e5855412206c7d70a47,0
281a84ecc08f646876985fb66b8e35d1c645f4cd69090fd8081ace0ea6ad74db,0
8eccf9949ee4ae03472326413a3690aab7c1f6ff649d24ff219023fea0ce4a5b,0
21b9bec7569c65b1f06cd4c89c54ececf55c996c98f05ab1a5039db64aa8c6a3,0
d897a4ada215c2ff0665ad03e30e311736e116bb5dd73cf5c82bde605924d140,0
fea390ebb49051f2c511379877b2c6a885993ec2e52ece7e567634a59612694f,0
3223f307324550198b82c4c6247c46f2892d179723847e288b3beb68d30d2b62,0
cdedf45dcaf032c9e5baca31d8df27d4deca298e8ef87e72312fd50df2644674,0
5a39ec9cd17cb54f003f2fbc2c9e1da338ca626d16db21c5c00b7fbe3572bc2d,0
daea3527189a2e446f63fae31b916f674a9a4e8480e610297738148896aa6402,0
ad020118d6712ce62f46fce59e735690c9ddb7678e96efe0e3331f24ecb0fa3b,0
8775f5c60770ac6a7d2e5d09df427b9b3f3d6a99cc338f1d1a0f51b967dcff55,0
30d03cd49845051a3526a1221af6740244c1cf72198aa63926e051333263ebb7,0
8425cece2a0ae33f7f025fd759bbe3bb4bd5b16daf253889e0eca131892f5a54,0
2ee30c0f1f69f855653a96464c6e50e60a711a732d88cfc97609e1dc58a85c21,0
6f8ff96b0737b3fff695a30a0ca96cc789fd34fcb1a96ad2533ec5c9dc0e581f,0
d2a16ffa260f13103b0fe990bb2906b1f797969d7aac597242b7a6274ce9c40e,0
2b251d160d125f59a82b79a96ae850e0b29def370cf9eead31606d678e4a2f52,0
eb750f161059ee9a8c13fd1f2f641506d7f94e1128f8867c5bbb990078dd6c01,0
7be5f93e0e302fa8aead6270cd2a72319788ee6293b8b9842493b30b87aa3729,0
5cd250888651f2ca004847148725b6ef3f4b14bd6a9f2320f763f3d2f9ea9186,0
3ca95dc0adc4b0e7b2d7e917d23d74541f2044d6442ecdae916fbd45e474c709,0
7bb255817773b7f9af8529396240908aebcdd7400ef81c3852b79273dbd5a2a3,0
467334d95c078b46fe321a0fc339a8c75257226bf446cecb0832915274f48ce0,0
68745bcd4b8e0fa0ea68e5fd13108ffd8332fd03304ec2cc562052ffccebcaa5,0
d892bce9fca167ef2a1b58be219eb87b9466d83ee8ee8cd682d2b49b7c11b2e9,0
3d6bb4dd0d33c626e10a031c33f65e18db88a2e12536fd601e4c6c0ed0fd4567,0
2a5b0291844a6a5e5a72acac68ff6f868b610d27c91e71a4d6b18fcf0755ac91,0
f7504c55317e6de8aba75a0ca6303959b3d0e58c0a21a90645fe4b0c36080699,0
c3a285ea86a7624c533b8a8b7b9cff2eb6e615a1464e66f54615b4ba7f78ddcf,0
4ffdff35129a84806d784060fe2545368b3b7aed7187b923d2ff9547d19d367d,0
1804ac5b9ce3f18b552168febbd25f3660b264699a06329f94813d30e2ed45ed,0
ed1dd039a301c7f8c86b46306c208c8dff873147d5c6f81ffc99009787c5cc0b,0
575bcfce4b42be3dd5e4908cc59cb101120769e2dfe9377a0f024e1b77060b63,0
9bc091bf5af4737bd40c65bc1590a758dab6e483ccd36ecdfc8dacd5823a47bf,0
1a9261a3206f658f00c1071cff4c88748f57ceb1ca70c102c784174f3e20fa1b,0
b28c6707d5543d3e136666c7b0a45c3a616828e7d39648830dd245d3152a478b,0
6a6518d38096224187d79aedb0a51ea3ef677805ee90bd402a56386cf3b93d0c,0
8a419e189172063e6c51eede719927c36cb7b7cb3a32a6b1f99b0f974e6ffa9b,0
14e61f324d5f0b1d12119168ba51402c5833a7c4e58f56a2604d9029f305dcc6,0
a5ba2843638af688f3bcbde0d6445253616e7ea14bd4dc9887d4621c18ae48ab,0
6fdac9c9fb8ad36b1546ce6040da3697f78e9190dbd98d6b385931ffa00657ff,0
4ef310c835d2c3c90955a9f5dea6d17c7d9057102996d9ba734cd9c4c4b62f90,0
8b4a17e5ba4cc542c83abdc36239e10232478c4e3dd152b2c24fa24a98405656,0
f2bb1b1209b706643043f14e8002bffb649acaaa476ec1e551f589710466bc3b,0
ddff92acca4eea568fe7a6a88aee43d12d2f79263afc898741da2245a7017863,0
b2181aa3fca03de97f4e30fc137ef1c54680dada27bccd15df7aebd9de5d0f84,0
e35bb78e2c3a19e2f01f6c77fc5ce7a357e9cefa32a99badce365669738fe7e3,0
0862235772ff98040d85690d4ed399abad4a1a6213bba34e1a1dc5f0b5a0c5ad,0
8f30da5fb0c57c14f257fd014910f944223c7c78f2f033dddfe4f1eb0637854d,0
1d29711ba158ce6338f6be997d437eb56b1c767883fbe1f56f392b4a2edeeb46,0
2c45f81063c6bda07e927c8219b5b43626d0c3fc6ca44ad0d8bada0e6ee07024,0
5498092dd45f118271bc17b989dc988589665bb26bda1e8d8af9d6e461e78756,0
622e1dd796a360ff2936e49c9ecb677d3c9e5dc102424b794f7b1782fdedd3ec,0
f9c38e1b1214b86467f0941148bd6cb6579cfb83ef6e217dd9f4e388fabd060b,0
c100d2f7f27a59f98d9929e56a8fa5d009591fcab893aef5bae2662ef3ad4226,0
fde418e64d5d5ddaad6a01278eeaa10d996688ae23a19d19e7dbc0df8586683c,0
665388f0900b458ab0eac62dec281cc8107de7a7ce8e0fece71e255c9219a591,0
b9349abba5957ab8fede28ebeefd469ee8bcec48710bae62739caecb9b980407,0
565237a70a220da05ee3006c75a0480a71feaa39db876033e9a6147295111d67,0
e51ee8a5e199188c3f07529fd330f4a0aef66112cd4b86d612b1aa3a22217ff8,0
a1933bbea52370bfc84c4bd74c305dab46e2412bc46f0dffae489625218e94ec,0
faf7d17e8e5ceeb13ceebc56ee9cd5f0042f7bcb72a33e25598526a44ea04985,0
4518986a62fce3b4ef868e88f16f7dbe021aebe305835c80035d0fdb42a90c30,0
99757bab62f443f20c64050346ca006beae8569b7a75e6c3a44392e9f3de164d,0
e5757d1bfd47ebc100167ac3e8a0ca33ed57e6faf6cd9baa4c030ab1064c02d2,0
b0c7e87ed72356c669aa65497f005555bff1b6e64a0def310548d00ea2ac405a,0
7be8d0124057140a19c4e19e2f98da62c7b9f5d124b8d73644c0addb68ca46be,0
f2699b367f4d09230336a480b3347da57a549256d7e3c4f38a2e5e79ae0181b5,0
49521257fc5bc1972153bf2f7f528a1c0fd793b2e2b9728e61d1e6ce5471222b,0
ac6c6f338f5bd20fa1b6e78d8b1cf5bd6a24e30928632416bc5a6cefad746c25,0
c5ca47e9ed3bc7248add705064375f38eed1cee09aa95d18f38b029a9ad31fb1,0
37a366c1f7613880d66f2056d09e51634824c192959c4f309f5f28dc19f2a398,0
957bc246eb27a420266d52905f6ca537f67fe6b0dafa8821838b379d31109df2,0
631930f7e8d208fa56327fbacb5aee530412e3a57f45c1c55f3c0abe2dcf6f03,0
f2aaf09a25a2617c1d751aaad7f8f3e3cb14926bd51ef6e8c86c14f5f78de804,0
24c7172ebfd4c2ca8239d46af6a510baffc6d09bf657dad4bcd07e1629c7e1b7,0
21f8b350bca56c416581fd8d990507e63271e0580feeef973767520d7bf5020f,0
a79d33c598932f51f75d9769f93c7241e9a77108b68b0702fb7e8aa9ade6afef,0
28ac3d3ae82fe01129b8df67db948668a818ac2d02eacb1965f7150a8ce9e386,0
7cba64d58098504faa155fda1c4854f0982a783ce65c0edfe7852c8e7a3963a1,0
85881d3298633800a1e2868a1ac2113a29dbcae4461316c512115ac187dc7ef1,0
7beb25ed8ca2294799019c87cd83f1a47f5e16f6334788a2610cdab8ca7c3b76,0
7a2371f17d788647dc033248822e897797ce65633df9e387d1aca7e48b22e91d,0
f8c077e78f86d6dc15ed0758466354b572018d9fe897f32d5be20bf4a751d277,0
c67b685f3fd01eb5e8283d358a42047d6be062600abb4be79dce6c4f7a714623,0
049c957d9e691c1581d288518b8d3dc440535e3fddf8be5f7b3e5e4d336a5f34,0
e1ccb2e9f4343f60894a2c0bf46e3a0cbd66b398e3a38dd7d1c96a7ff6e74e88,0
e651ee42a0fa4e4cc7f4ce64b946fc4c9616da0da021c898d2d72a17c1c6c9c7,0
f16c51b6e4422fde6f1456fe445fed19b61e392ec371d3dc282a85bda4818043,0
7a29af88f07fc204a3d048d01c9b2fd8419c1cf26adbb4604ab7ff7863726e14,0
1f4fe5e2bb89c3e83ac6859b957e559c7a60f6f6e1174a0dc6a3e457fb47e967,0
0622bd4c3b41d0062b4b6945003ae3a5a94d5b4131a0293c90fa767d9cba2f4e,0
2d35f00e647584c4aa35efd22c5b0085f44138c397d80c0b5947c6cad5a5594e,0
f51842e9a89a7f66a1af97ffb136767e9751f38aa537faf8a2e58ad37d43f6ea,0
e33990c358c0f7aca891673ebbfbb04cdb914c8de1c96a700e5c54f16ae0c771,0
7465f9defad4a85c1177e05ce7fdef1d3e658f0f3d2a81567641892b716b6ae5,0
d605642649e3ca0e8dc6b407ccce7d11881622620e0324d3b304950747df8e12,0
d066494e3cf8ec16d8e740d730338e45bc823edf8c560050c7ddeb92b0b6fb0d,0
de6be7081e1575958ce0c8f15a5abad465273616ccda39efaee54f9a2215fa02,0
d63128a23d6273c9478dbcae37bdff0eeac32f2f40ebac875472cc699b745ef2,0
ecf5bde04cd8ee4194e8a1be9912eb11d0f57b3887ebcb405a71de2c1c15dfff,0
1a6179466cfacabe52ed95150d7349ec5bc6132a7311d294491d120bdc03e614,0
b9723a36baa7690619d28757819e3ba80d6d17f80645899102756078f9f91fb9,0
61ba0b5ebf135ff9f03d14ee34bf2a48918212e933cdb4acf781769a3187206c,0
27a8aba547dfa3ba27cc484abb2233a45f2171bb7ddafcd3ba02bc339496e49b,0
2eb921c6406110f3ec02837ca4b4ea3d2c30bbed7dbe8f39995167181486de57,0
bfe8971b490ba6025f902c5ca1aec3182f6a22ba15a3b0d1b2d1217756577aa1,0
80da19bf21031681e2efd8c1b64d0040df9437a68c8546aeaef47d1b189e3abc,0
8216eac0257f34deaead38237d54643c4b27c60073d54a8ecbbfeeb1893884ad,0
ed29586b65d06bd60a1c5e49109ec47b11f77ec6e5b6f7ee57a43791b8020005,0
09bf118f949148cd12d99d41606152db191b0722ee0c355a5d503bf84b0ed2b3,0
f588af316657526435cd33c56faef5e212d1298a23979cbeafc99752997d4f65,0
58c781169a4105233aaf062f37e5934107b0961d4bdbeddbca96dfb984b0ba50,0
2429424f77222e7714800c1c5ca7689e7023cfa3872e953c44eeff78847b267b,0
1b8254745aca37d406e341fd3997f32ecdc6c0a59902d82d7d1370b9e3f970d8,0
191fb4c1e426c42d923af47183087e38f1cf2f25b54a3b9aede0806e9a7d3679,0
665d3b745f49625061b0b7efb20d493ac4f21e5fa9917f1319a20e9d099ace2e,0
13160ba38c37f06ec696218697a1f43ea417d117ba361bd626332ac23819ae75,0
d33cbdacce690facb6677fa4d065ae0b5ff584cfb283a5150dfba0d305c2a511,0
7ff8d8b0b472ef71940dca5f246277bebacc4aafee1b41ddef22fbac38232bc0,0
eadf348e2f9c26278b27c9aed294d7ac208959e7d7ec285200649895429f366e,0
daca5e7ad100f1d2684941a2a1cd2e27aea687f200c9b01366b049dab4c593b0,0
0d5c5805fe3662be66034f5457be27bf401436adc5b800894e60e8730d02f5d6,0
278f22711f078f9c691f02dbf87af2a64c7701dd1038845d44be0a66982a5408,0
e0bf0c26e08b35d7b2743fe98df25546de405c09d1b5721b49a8a10ea9477c75,0
075ad98bca3d2b299266688baebf3d7fce62b706f9bd3aa1de28f9a8e85fdb51,0
e76ebaff148b12225c175f02c84ddf46435d977ffbf44d16af344fe22cb62aaf,0
de6be7081e1575958ce0c8f15a5abad465273616ccda39efaee54f9a2215fa02,0
1622c85110ed49def0e38a2cdf02f1f605564dcf6b200b6389ccd2c30ca6ba1b,0
dc2ae39e11470308199397d17f012eb5d4fd545da9fb504fbb483ff711a811d6,0
70c46ac8b60d4e3593488eaa95c5bfe4b12b7415842215811df2575774ea82d5,0
f151a0841c4370c165bc9e3473d5d2e7b222f7a45afd2a73ab41a85586559b47,0
09bf118f949148cd12d99d41606152db191b0722ee0c355a5d503bf84b0ed2b3,0
78c0d7ffa8864480642a2c0e7802b310c0b3e663f954c823d04275725cfd1693,0
c8b38a70144c0f2050338a1aeda01c6652cc0f4cb3c2735ea27f6177ae57ce32,0
e92107a530cb5f8c16fe8de752a8773a15760d047324a61fafd850ffb8a233a6,0
f588af316657526435cd33c56faef5e212d1298a23979cbeafc99752997d4f65,0
03c785fe44ca3a8378bfa2065a297087e32cc6b5a1c1ec2b9d7809ccae2b0111,0
c4742700de979cb775947325170a0cb34becd5a322f1290572cb0eb43e634b3d,0
a614811b21b3a0dba8d4409944d1eebe8b6e28fbd74915f13fb932f0fadcc913,0
0e23a28c7ca8948a3a4a82cb97cfcf2b1cfb8bff2e7e46e1f4ea681512cfe318,0
ef19dc7ba0812459519012b6cdf756aff2ec39c9994bb3507a4ffda603d339bd,0
d2f6aea36bfb05125a58cd3091e4c352f0d141a70a1c9a9d9d475fbc38c116c9,0
81931c010984fdbcf208376c52a1a31c26bb108ce70dc3e1792522a06655065d,0
d9563ea1fe7d6124497b949008c42e7d7dabf0b544bac4b566d6f3e13eea0708,0
743de268bb92ee96445beace430f7f8612d3779f3a6dbb9ac4acb2207666764a,0
