hash,nonce,transaction_index,from_address,to_address,value,gas,gas_price,input,receipt_cumulative_gas_used,receipt_gas_used,receipt_contract_address,receipt_root,receipt_status,block_timestamp,block_number,block_hash
0x6dfea564e437534a36c328bf3e4420a9f932e23bc2ad456045d57c0221eb66ae,240801,0,0xed212a4a2e82d5ee0d62f70b5dee2f5ee0f10c5d,0x121effb8160f7206444f5a57d13c7a4424a237a4,0,165482,265122000313,0x391252150000000000000000000000008f1a69e1ec219fa1fdfa3c89dd74270bb59bfcfe000000000000000000000000000000000000000000000000016345785d8a000000000000000000000000000000000000000000000000000000000000000000c000000000000000000000000000000000000000000000000000000000602f182c000000000000000000000000000000000000000000000000000000000001273a00000000000000000000000000000000000000000000000000000000000000e0000000000000000000000000000000000000000000000000000000000000000000000000000000000000000000000000000000000000000000000000000000414d123b77b18e2fe3d3f11e00a2010f7872a9635963bcb16d876ebffee43c9a2b76a72dbed18767ad6be87bd6207aede9358c4320571351a849fa4aa8ecf5f4561b00000000000000000000000000000000000000000000000000000000000000,94399,94399,,,1,2021-02-12 01:45:22 UTC,11838934,0x8c2043ce3deb2b9fa57c7ced5150a3ef26772f7cb901fed73edd930a122134e6
0x0a775b3d8215cc1228a30f3306001cb35fcdcc5f8ebb85c8ae5748756ae4090d,56914,1,0x0093e5f2a850268c0ca3093c7ea53731296487eb,0xa0b86991c6218b36c1d19d4a2e9eb0ce3606eb48,0,93000,256000000000,0xa9059cbb00000000000000000000000099906b5ee0329ac1f3ec9440858d77fbde7d3ca8000000000000000000000000000000000000000000000000000000000bce9d10,151780,57381,,,1,2021-02-12 01:45:22 UTC,11838934,0x8c2043ce3deb2b9fa57c7ced5150a3ef26772f7cb901fed73edd930a122134e6
0x76980a25bf20c408110e39ee83f51e19f7124e6c87edc7c8a9e1e519ab697295,62711,2,0x32cd1f7bdae90b87e9b58d25d2ef7b09f6a9b548,0x4575f41308ec1483f3d399aa9a2826d74da13deb,0,350000,249750301500,0xa9059cbb000000000000000000000000b4fee33a0edef5a7fb0da42a9b8fe3b4f73dfb8b0000000000000000000000000000000000000000000002a8b8a8e371ec824800,187988,36208,,,1,2021-02-12 01:45:22 UTC,11838934,0x8c2043ce3deb2b9fa57c7ced5150a3ef26772f7cb901fed73edd930a122134e6
0x9ac29dd0a9c598cf2d2936766266eeee20d583e9cad8bb53f7c0de3ed2f734ee,3924994,3,0x564286362092d8e7936f0549571a803b203aaced,0x99ea4db9ee77acd40b119bd1dc4e33e1c070b80d,0,207128,240000000000,0xa9059cbb0000000000000000000000005ab9d116a53ef41063e3eae26a7ebe736720e9ba000000000000000000000000000000000000000000000cb1bbbee72e85cc0000,243035,55047,,,1,2021-02-12 01:45:22 UTC,11838934,0x8c2043ce3deb2b9fa57c7ced5150a3ef26772f7cb901fed73edd930a122134e6
0x2a8031cacbccee657ad1cc04f4130e2a999355d5e5aff272b3747cbceba77912,6592814,4,0x3f5ce5fbfe3e9af3971dd833d26ba9b5c936f0be,0x0bc529c00c6401aef6d220be8c6ea1667f6ad93e,0,207128,240000000000,0xa9059cbb0000000000000000000000003edfa543211a35625be73e68220928a9f24bba9c00000000000000000000000000000000000000000000000002c567e6ecc00000,279319,36284,,,1,2021-02-12 01:45:22 UTC,11838934,0x8c2043ce3deb2b9fa57c7ced5150a3ef26772f7cb901fed73edd930a122134e6
0xf46b4ce6dbbc05a7926862e290dbcbe4fb7754baa9e9dda12238ed09ab37f3fc,9,5,0x367c8a90482622cc6475ddb998d6eec5afe3e7e2,0xdac17f958d2ee523a2206206994597c13d831ec7,0,67450,237500000000,0xa9059cbb000000000000000000000000b606dc6088e3fae54386e0d517fe209e853826980000000000000000000000000000000000000000000000000000000008d84df5,320528,41209,,,1,2021-02-12 01:45:22 UTC,11838934,0x8c2043ce3deb2b9fa57c7ced5150a3ef26772f7cb901fed73edd930a122134e6
0x070a7a0c29e504b0f9750636abd711e6bdaedec74275364eff3da8f04b82668c,10,6,0x3149c8251c4643cb878f45847ad278799ba35fc2,0x26596693b6fdd9baf7aa6398e1dbce239e3f777e,557857097657018834,21000,237500000000,0x,341528,21000,,,1,2021-02-12 01:45:22 UTC,11838934,0x8c2043ce3deb2b9fa57c7ced5150a3ef26772f7cb901fed73edd930a122134e6
0x5866289167b1693e896a94de52a654e9367ac490437664a7f100bd53fe505873,125,7,0xe89c7e01f0a6970eb238539b8ee381b04f9d6d97,0x2ecd8c7c525c09a613f2e66b05ca065ebbb232ac,195249980000000000,21000,237500000000,0x,362528,21000,,,1,2021-02-12 01:45:22 UTC,11838934,0x8c2043ce3deb2b9fa57c7ced5150a3ef26772f7cb901fed73edd930a122134e6
0x413e2f9f9dbb44e6e1bed912bcdefb8051928ddf135e5a6983a79c1b04e60c31,2330,8,0xdd61fec137ea26023817c5dab58202fbf17431aa,0xdac17f958d2ee523a2206206994597c13d831ec7,0,49450,237500000000,0xa9059cbb000000000000000000000000fc2c0e2e432bc8af31e8e951de1d386a2de66a730000000000000000000000000000000000000000000000000000000020266a79,403737,41209,,,1,2021-02-12 01:45:22 UTC,11838934,0x8c2043ce3deb2b9fa57c7ced5150a3ef26772f7cb901fed73edd930a122134e6
0xb7e061f50e2c6a3da22d2d7bb2ae26d7be2948a5a2968fff31bcc0eb5e239e4e,0,9,0x14f05886e49e5333e9d9e1cfaf180616fe8592d2,0x5e1ee2a685920963cbcaf939ae8b7654c3fe6cd1,46882910000000000,21000,237500000000,0x,424737,21000,,,1,2021-02-12 01:45:22 UTC,11838934,0x8c2043ce3deb2b9fa57c7ced5150a3ef26772f7cb901fed73edd930a122134e6
0xd18712791b15b4449ea1f807a685482fa3c4ce2f0b53ccfd13a5f264e6799ffa,15,10,0x8c35f0a784cc419c7516a305fe0b9a66b06a206d,0xa0b86991c6218b36c1d19d4a2e9eb0ce3606eb48,0,45000,236000000000,0xa9059cbb000000000000000000000000b8ba36e591facee901ffd3d5d82df491551ad7ef0000000000000000000000000000000000000000000000000000000093f05080,452118,27381,,,1,2021-02-12 01:45:22 UTC,11838934,0x8c2043ce3deb2b9fa57c7ced5150a3ef26772f7cb901fed73edd930a122134e6
0x2bd09f823384e48c875dacc0eef089b4bb7efc0dbaf8dfeeb724e7b3b3b7136f,70,11,0x9fc181b94d47de12219d4d9e8d71f0fcd3e13f2b,0xc02aaa39b223fe8d0a0e5c4f27ead9083c756cc2,51250000000000000,28738,226000000000,0xd0e30db0,480856,28738,,,1,2021-02-12 01:45:22 UTC,11838934,0x8c2043ce3deb2b9fa57c7ced5150a3ef26772f7cb901fed73edd930a122134e6
0x6c8854b0e25ca5d893986a763779f34ce065cd06f5329b686a3239d44e9c6d4d,2668,12,0x7993790e4f3a4b259d834b959a3631861102d31b,0xc757e3d31e985f72708375e34789458e50db309a,0,55810,226000000000,0x33f3d628000000000000000000000000c02aaa39b223fe8d0a0e5c4f27ead9083c756cc200000000000000000000000000000000000000000000000006f05b59d3b20000,536270,55414,,,1,2021-02-12 01:45:22 UTC,11838934,0x8c2043ce3deb2b9fa57c7ced5150a3ef26772f7cb901fed73edd930a122134e6
0x7901762166fd5d83c23c324a4f25848208b2d69b49377e9d169e869ac1b55428,70682,13,0xa090e606e30bd747d4e6245a1517ebe430f0057e,0x8d94fe8f38e0979df248c3dbde85376d7d1eabb0,1000042000000000000,21000,225000000000,0x,557270,21000,,,1,2021-02-12 01:45:22 UTC,11838934,0x8c2043ce3deb2b9fa57c7ced5150a3ef26772f7cb901fed73edd930a122134e6
0xa79083124ee8bd4877ab7a9c6c3bfb5fc5883a3a81c81bf70a2f4cedbb236ae3,1,14,0xdb80312d70cb6df3bc6775ace014ccfeccba8d55,0xeab60b3f5fb611b0e89e603b87dc11e5a8c8180c,56250000000000000,21000,225000000000,0x,578270,21000,,,1,2021-02-12 01:45:22 UTC,11838934,0x8c2043ce3deb2b9fa57c7ced5150a3ef26772f7cb901fed73edd930a122134e6
0x901706a697979f193638beb7543f7bd0d8a0151fadcbf64e3db74ab7154e1b5b,70683,15,0xa090e606e30bd747d4e6245a1517ebe430f0057e,0xd975231f1cf87e6c6f34343aaf5e7295909a5f8d,112500000000000000,21000,225000000000,0x,599270,21000,,,1,2021-02-12 01:45:22 UTC,11838934,0x8c2043ce3deb2b9fa57c7ced5150a3ef26772f7cb901fed73edd930a122134e6
0x8c1a9980e2dd71d5b62d78c69fc4ddfc088771971767e225847dd39c1c3d4e60,9,16,0xdb84c0184f8aa8416cfb0d4e64452e91ac34fc37,0xb7ba5cab0a539f7c3b74e7d300644a3bedd0292a,1680431170000000000,21000,225000000000,0x,620270,21000,,,1,2021-02-12 01:45:22 UTC,11838934,0x8c2043ce3deb2b9fa57c7ced5150a3ef26772f7cb901fed73edd930a122134e6
0xcbb1b9f3759f6b21e823647cff84c4de4305fa5338899704bd30f70f73df0ed2,2,17,0xdb80312d70cb6df3bc6775ace014ccfeccba8d55,0x20932b33c1d9260a507239fec55c347805043f5b,56250000000000000,21000,225000000000,0x,641270,21000,,,1,2021-02-12 01:45:22 UTC,11838934,0x8c2043ce3deb2b9fa57c7ced5150a3ef26772f7cb901fed73edd930a122134e6
0xc5cb1f111e573f7521a94f04ce36b5892c1559ccfbbe7670d45f7aa87986a900,70684,18,0xa090e606e30bd747d4e6245a1517ebe430f0057e,0x7f836b63e1e6ac9ed6050c6e4f1f642116950509,112500000000000000,21000,225000000000,0x,662270,21000,,,1,2021-02-12 01:45:22 UTC,11838934,0x8c2043ce3deb2b9fa57c7ced5150a3ef26772f7cb901fed73edd930a122134e6
0x2ad8c8335db310b4a86bffc3f7a5477fb7b92962f087c1bb678ae78338bc0aaa,70685,19,0xa090e606e30bd747d4e6245a1517ebe430f0057e,0xfe5411a276ba77106cd46908a5ae9590e31f511f,273825270000000000,21000,225000000000,0x,683270,21000,,,1,2021-02-12 01:45:22 UTC,11838934,0x8c2043ce3deb2b9fa57c7ced5150a3ef26772f7cb901fed73edd930a122134e6
0xa4bc34c7e2dae5884d1b92fd8aedfe31df7f5605be566409c1208fb93d6b4e4c,80370,20,0x894ac7c600ff7ae588d2e75cf196c50dee08c898,0x15a91a091648162a042bced9c9c407835fd779e9,0,97258,225000000000,0x64887334000000000000000000000000000000000000000000000000000000000000008000000000000000000000000000000000000000000000000000000000000001000000000000000000000000000000000000000000000000000000000000b4a5d500000000000000000000000000000000000000000000000000000000000001800000000000000000000000000000000000000000000000000000000000000003c50a9a25aa2feb0e31e55323b15c000000000000000000000000000000000000e724d728d7b2ed0b1cf624ffc90800000000000000000000000000000000000000142431d1000000000000000000000000000000000000000000000000000000000000000000000000000000000000000000000000000000000000000000000342f457dd5ff215f3021d1fde55e100000000000000000000000000000000000012dd29dd31510df4ef10dd033b0600000000000000000000000000000000000000ecddde310000000000000000000000000000000000000000000000000000000000000000000000000000000000000000000000000000000000000000000003000000000000000000000000000000000000000000000000000000000000000100000000000000000000000000000000000000000000000000000000000000000000000000000000000000000000000000000000000000000000000000000002,730528,47258,,,1,2021-02-12 01:45:22 UTC,11838934,0x8c2043ce3deb2b9fa57c7ced5150a3ef26772f7cb901fed73edd930a122134e6
0x4d6514237df42319eb02b701dea674e3232e0534c635880a68d94c503743f618,3,21,0xdb80312d70cb6df3bc6775ace014ccfeccba8d55,0x585cb772bd779ee024e5bae6b9a80098b001e367,112500000000000000,21000,225000000000,0x,751528,21000,,,1,2021-02-12 01:45:22 UTC,11838934,0x8c2043ce3deb2b9fa57c7ced5150a3ef26772f7cb901fed73edd930a122134e6
0x1e527a589c134e9192cdf23e829e8b90c7fb32ad8e7931fb42ddbda3733e33e9,1,22,0x293d0978b4390aa21f3745d835489d4c72a043b5,0x4ff9692f113cf9de7bfca3331da69c31a164410d,7004725000000000000,21000,225000000000,0x,772528,21000,,,1,2021-02-12 01:45:22 UTC,11838934,0x8c2043ce3deb2b9fa57c7ced5150a3ef26772f7cb901fed73edd930a122134e6
0xe4be5139b4a9fe9f3cc13a72ebf23b98fe52457f6bed7e7014a471e9260251fe,70686,23,0xa090e606e30bd747d4e6245a1517ebe430f0057e,0x6df948245c2b61098f4d9c988153df8850079544,56250000000000000,21000,225000000000,0x,793528,21000,,,1,2021-02-12 01:45:22 UTC,11838934,0x8c2043ce3deb2b9fa57c7ced5150a3ef26772f7cb901fed73edd930a122134e6
0xd9febc01b05559cb30f2f8d62a5aff14ed53b1d6cc8bcc40639098cf14ea2515,12,24,0x2e0ccb83f35ce00bf9eb1a6bb60e1cb11f383bac,0xa6228ae357d3c24bf65368f9e47dc01332781d8c,40325000000000000,21000,225000000000,0x,814528,21000,,,1,2021-02-12 01:45:22 UTC,11838934,0x8c2043ce3deb2b9fa57c7ced5150a3ef26772f7cb901fed73edd930a122134e6
0xc9b202a440710157df38ff0dce14d0c11f56e0155a6a868cc2f5aed303de2df1,2,25,0x49bf5b8a11f2bbee24a58102fceeebc1891022ad,0x2dde0ff65b6dd14c2b50f08baa4d9bc34ade7903,22233920000000000,21000,225000000000,0x,835528,21000,,,1,2021-02-12 01:45:22 UTC,11838934,0x8c2043ce3deb2b9fa57c7ced5150a3ef26772f7cb901fed73edd930a122134e6
0x1fc0dc53844c242eca6feea9129d726d947a16a1424e9ee151c9034af609b3a0,4,26,0xdb80312d70cb6df3bc6775ace014ccfeccba8d55,0xfdadebece221e2888415700941546fe8b3ed2e3d,112500000000000000,21000,225000000000,0x,856528,21000,,,1,2021-02-12 01:45:22 UTC,11838934,0x8c2043ce3deb2b9fa57c7ced5150a3ef26772f7cb901fed73edd930a122134e6
0x3911954715896a442b6fed410dd14360c205608e8fcc4c0c221712906c4d4f85,70687,27,0xa090e606e30bd747d4e6245a1517ebe430f0057e,0xb01fb75a8b1888c62db4a02cb59a263c605a45ff,56250000000000000,21000,225000000000,0x,877528,21000,,,1,2021-02-12 01:45:22 UTC,11838934,0x8c2043ce3deb2b9fa57c7ced5150a3ef26772f7cb901fed73edd930a122134e6
0x690033dd01e1e463c75fa790fa61905ec1bdce88d360ff08dd5a9c6a12a1548b,0,28,0xc0ec0bf19fdc6a8756d0591f4aee541601b5663f,0x495eb996866c9730a564c67e1a39fc3810e38b92,9116260670000000000,21000,225000000000,0x,898528,21000,,,1,2021-02-12 01:45:22 UTC,11838934,0x8c2043ce3deb2b9fa57c7ced5150a3ef26772f7cb901fed73edd930a122134e6
0xac320f193918a6fc3352b0c968d2713d8b1d443e484a0ccffa24949b6845648f,5,29,0xdb80312d70cb6df3bc6775ace014ccfeccba8d55,0xc9ee3b9a14661e36bc0fb843dfcacc434116d837,112500000000000000,21000,225000000000,0x,919528,21000,,,1,2021-02-12 01:45:22 UTC,11838934,0x8c2043ce3deb2b9fa57c7ced5150a3ef26772f7cb901fed73edd930a122134e6
0x160251e74e139914e5bfabf3fb6cf68295993adc1a1b30abf40f55468df43f8e,70688,30,0xa090e606e30bd747d4e6245a1517ebe430f0057e,0x1def5a1a9ba3d0b38882af18d8f9a8c17b10f1b9,56250000000000000,21000,225000000000,0x,940528,21000,,,1,2021-02-12 01:45:22 UTC,11838934,0x8c2043ce3deb2b9fa57c7ced5150a3ef26772f7cb901fed73edd930a122134e6
0x76b89818ac352a329997aa87d7f6d4ee9e8a89459a29a8d31465fa3575cef0a2,10,31,0xdb84c0184f8aa8416cfb0d4e64452e91ac34fc37,0x49cd5bc8580ca660ae6a9aa0f5357d0d0aec693b,258747490000000000,21000,225000000000,0x,961528,21000,,,1,2021-02-12 01:45:22 UTC,11838934,0x8c2043ce3deb2b9fa57c7ced5150a3ef26772f7cb901fed73edd930a122134e6
0x1c13f1bdb2aee45fe896965e67a2df86ef14d62c28712e4106e242498b79f58f,123447,32,0x10fd90d8f1543fff6b8056bcf40dfb39231781c4,0xb60816631b1994763f79654924f6c81c996916b5,73433603707219000,21000,224400000000,0x,982528,21000,,,1,2021-02-12 01:45:22 UTC,11838934,0x8c2043ce3deb2b9fa57c7ced5150a3ef26772f7cb901fed73edd930a122134e6
0xc6f0e6357e559fb882f5fd06bafb66db15aa7a7431a6c694455e973a5d4cf460,546487,33,0xc88f7666330b4b511358b7742dc2a3234710e7b1,0x7ee4b20feda55f4f1a73f5e131355d73642d9bf4,150000000000000000,21000,224000000000,0x,1003528,21000,,,1,2021-02-12 01:45:22 UTC,11838934,0x8c2043ce3deb2b9fa57c7ced5150a3ef26772f7cb901fed73edd930a122134e6
0x055293c37a07b52a12b2560cbbd09b4252a9d6f4017311ff61124eb56c321148,175712,34,0x23c8fbd5e14a9565707d8d1a88045f2fa5648968,0x2f6bfbbb5d9cd374574aa552dc6942c01d330c75,0,500000,223000000000,0x202ee0ed000000000000000000000000000000000000000000000000000000000000035c000000000000000000000000000000000000000000000000006074c7f9a6e000,1086443,82915,,,1,2021-02-12 01:45:22 UTC,11838934,0x8c2043ce3deb2b9fa57c7ced5150a3ef26772f7cb901fed73edd930a122134e6
0x82b955b84d317e21604c15ed3e5922e4b43201313b75f97cf4c5f39a7f101b14,100038,35,0x0eb2177f9bff55a8df857f08b73724d52a7d92ba,0x2f6bfbbb5d9cd374574aa552dc6942c01d330c75,0,500000,223000000000,0x202ee0ed000000000000000000000000000000000000000000000000000000000000035c000000000000000000000000000000000000000000000000005fd17b3baeb400,1169358,82915,,,1,2021-02-12 01:45:22 UTC,11838934,0x8c2043ce3deb2b9fa57c7ced5150a3ef26772f7cb901fed73edd930a122134e6
0x7ae4668a0376470cf5962e987ace4d42274c5cf5a008f975d66e9d2201167172,122415,36,0x74722f39a94485aacd43c14be4c76f7fe914d764,0x2f6bfbbb5d9cd374574aa552dc6942c01d330c75,0,500000,223000000000,0x202ee0ed000000000000000000000000000000000000000000000000000000000000035c00000000000000000000000000000000000000000000000000606bafab344000,1252273,82915,,,1,2021-02-12 01:45:22 UTC,11838934,0x8c2043ce3deb2b9fa57c7ced5150a3ef26772f7cb901fed73edd930a122134e6
0xbc662b32e954d92729f9d48762bd1f53cb1a83ad7aa1750f4556a1683f536d90,98880,37,0xf6025e63cee5e436a5f1486e040aeead7e97b745,0x2f6bfbbb5d9cd374574aa552dc6942c01d330c75,0,500000,223000000000,0x202ee0ed000000000000000000000000000000000000000000000000000000000000035c000000000000000000000000000000000000000000000000005fd17b3baeb400,1376558,124285,,,1,2021-02-12 01:45:22 UTC,11838934,0x8c2043ce3deb2b9fa57c7ced5150a3ef26772f7cb901fed73edd930a122134e6
0xaf32a4c34b7cbf6e5c3b48da688b7a66a74433a2c1ee45307e859c0520c07dd0,139942,38,0xabbabb17965310949842323f06eede92fd787d0d,0x2f6bfbbb5d9cd374574aa552dc6942c01d330c75,0,500000,223000000000,0x202ee0ed000000000000000000000000000000000000000000000000000000000000035c0000000000000000000000000000000000000000000000000060bb44599f3800,1479009,102451,,,1,2021-02-12 01:45:22 UTC,11838934,0x8c2043ce3deb2b9fa57c7ced5150a3ef26772f7cb901fed73edd930a122134e6
0x4e59fb5fc5aa7243f5615b23ad6a383d7da6977a7e1696794c1213a5cd6385e3,12,39,0x9f83cdbc9fdd6cea162d234a55c024641b1ca624,0x274f3c32c90517975e29dfc209a23f315c1e5fc7,1622602000000000000,21000,221400000000,0x,1500009,21000,,,1,2021-02-12 01:45:22 UTC,11838934,0x8c2043ce3deb2b9fa57c7ced5150a3ef26772f7cb901fed73edd930a122134e6
0x8bb9c208523e2f9c6aeb10713e273a018cb5283a06ad38af716617b00d95f73b,2275482,40,0x0d0707963952f2fba59dd06f2b425ace40b492fe,0xdac17f958d2ee523a2206206994597c13d831ec7,0,300000,215250000000,0xa9059cbb0000000000000000000000007cb5648450bee34bd2d5977c0f3dbac0def2ebf9000000000000000000000000000000000000000000000000000000046c7cfe00,1556218,56209,,,1,2021-02-12 01:45:22 UTC,11838934,0x8c2043ce3deb2b9fa57c7ced5150a3ef26772f7cb901fed73edd930a122134e6
0xf536affb14ec9c45273a61b2b49cd249545ffd78aa669ebc8714c5ab2a9a61c2,2275483,41,0x0d0707963952f2fba59dd06f2b425ace40b492fe,0x78c74b0b43199928a78d3312438bf4cbee7c57e6,150000000000000000,50000,215250000000,0x,1577218,21000,,,1,2021-02-12 01:45:22 UTC,11838934,0x8c2043ce3deb2b9fa57c7ced5150a3ef26772f7cb901fed73edd930a122134e6
0x97bac01188647ed3b3ad65b61f0507f422d11abf25fcab46ccd23b428b4aab13,185998,42,0xc7310123914f624da9c376f8ec590055e62733c1,0x2f6bfbbb5d9cd374574aa552dc6942c01d330c75,0,500000,212000001561,0x202ee0ed000000000000000000000000000000000000000000000000000000000000035c000000000000000000000000000000000000000000000000005fd17b3baeb400,1679928,102710,,,1,2021-02-12 01:45:22 UTC,11838934,0x8c2043ce3deb2b9fa57c7ced5150a3ef26772f7cb901fed73edd930a122134e6
0x737f6c8b944379f9dfe3c2c7256e21a91422b341440d984b6630e19de50843d0,214164,43,0x98db8c499016aa9d860fcd1a9b75a1d7ef3fc3b0,0x2f6bfbbb5d9cd374574aa552dc6942c01d330c75,0,500000,212000001561,0x202ee0ed000000000000000000000000000000000000000000000000000000000000035c000000000000000000000000000000000000000000000000005f997e2dc00400,1787379,107451,,,1,2021-02-12 01:45:22 UTC,11838934,0x8c2043ce3deb2b9fa57c7ced5150a3ef26772f7cb901fed73edd930a122134e6
0xc4f9587b6c0fb1fbac4129a3252ac52a9844ec3b1d9911beb1006a898d8e38c6,85,44,0x647ce4de247356e4bb4b46ce59d2894d84f48c4d,0x1985365e9f78359a9b6ad760e32412f4a445e862,0,31000,205000000000,0x7f68625900000000000000000000000000000000000000000000000000000000000000200000000000000000000000000000000000000000000000000000000000000001000000000000000000000000647ce4de247356e4bb4b46ce59d2894d84f48c4d,1818365,30986,,,0,2021-02-12 01:45:22 UTC,11838934,0x8c2043ce3deb2b9fa57c7ced5150a3ef26772f7cb901fed73edd930a122134e6
0xab58bbebb9fdb65fd756d69448dcf5d0c4212cc731e3e729e9c6d3cc69703ff3,1589,45,0x2156a3d636ee80f437a21f6c41df8f14c39adb19,0x81e08d3912b8060e3fb8bfba5f6c28ad06f76c46,25000000000000000,21000,205000000000,0x,1839365,21000,,,1,2021-02-12 01:45:22 UTC,11838934,0x8c2043ce3deb2b9fa57c7ced5150a3ef26772f7cb901fed73edd930a122134e6
0x895f4ee967d84e884e795f93f0d1bc7e51e6accf5816b69c46f2d5adccd978a8,5049,46,0x0b6438f10fdae49e48815c4b5222b562789fb9f6,0xf8ca04b852cf1e04bb76e3e030e12c1ab456470f,25000000000000000,21000,205000000000,0x,1860365,21000,,,1,2021-02-12 01:45:22 UTC,11838934,0x8c2043ce3deb2b9fa57c7ced5150a3ef26772f7cb901fed73edd930a122134e6
0xf42b606037a18ad9f698f8f08cba55cefc90c3cff73da0f6fc66b7f7cc002fe6,478965,47,0xffec0067f5a79cff07527f63d83dd5462ccf8ba4,0xdac17f958d2ee523a2206206994597c13d831ec7,0,200000,204000000000,0xa9059cbb000000000000000000000000169c2c7e39027e3263e4018dbc81b2cd3ec8f8d100000000000000000000000000000000000000000000000000000000713fb300,1916562,56197,,,1,2021-02-12 01:45:22 UTC,11838934,0x8c2043ce3deb2b9fa57c7ced5150a3ef26772f7cb901fed73edd930a122134e6
0xdbdd63d656477a91fc3debd5df4f74833bdbaa42282131e70cb68f3b34412611,121882,48,0x00cdc153aa8894d08207719fe921fff964f28ba3,0xdac17f958d2ee523a2206206994597c13d831ec7,0,1600000,204000000000,0x23b872dd0000000000000000000000000890bc30ca1c8536d224e87bb3867efe30cc604d00000000000000000000000000cdc153aa8894d08207719fe921fff964f28ba30000000000000000000000000000000000000000000000000000000004a349b4,1949150,32588,,,1,2021-02-12 01:45:22 UTC,11838934,0x8c2043ce3deb2b9fa57c7ced5150a3ef26772f7cb901fed73edd930a122134e6
0xfb3392f02add9fee84cd352ccc94d773dbe3fe1c2db9db2783f02248c91ac029,66092,49,0x1ff51be83c1c12793ffe2d66723946d26f443015,0x7b596c8f1b4db131503eb4f4a06f81c99d47dae1,0,300000,204000000000,0xb5c5f6720000000000000000000000007e18ff42e99a890d0f54770e90d24801613f58320000000000000000000000000000000000000000000000000071b5dd3206a400000000000000000000000000000000000000000000000000000000000007b418,1995484,46334,,,1,2021-02-12 01:45:22 UTC,11838934,0x8c2043ce3deb2b9fa57c7ced5150a3ef26772f7cb901fed73edd930a122134e6
0xc9ba33b5ef17e4045475738431200a7c7d8a21191d8da20a5b6d8124a41f3049,3,50,0xa07c15e9e9311873987c1c4d7eba6dbe10f7810f,0x7d4188742164bd36822e2384db188b7a8fdba27d,0,37191,203988945842,0xa9059cbb00000000000000000000000000d64b5eed009f68f5eca190b3bc8227ec3a98850000000000000000000000000000000000000000000000004878455529170000,2032675,37191,,,1,2021-02-12 01:45:22 UTC,11838934,0x8c2043ce3deb2b9fa57c7ced5150a3ef26772f7cb901fed73edd930a122134e6
0x55737482204bec833e4bdcb2f8e2c2c5375751429b5be41c0d01dbd238b00bd8,50,51,0xfdbee0177ebcec5b2eadd178d1d7c022d8359b74,0x292f04a44506c2fd49bac032e1ca148c35a478c8,9297824110000000000,21000,203950000000,0x,2053675,21000,,,1,2021-02-12 01:45:22 UTC,11838934,0x8c2043ce3deb2b9fa57c7ced5150a3ef26772f7cb901fed73edd930a122134e6
0x5d60b34d5a656ef26c662e3adfbfc8357dab4b9da4a7fc2190521125dbfd4303,76,52,0x8a22bbb1a3679ee9e1dec7c4539ab1b6afb39be4,0x292f04a44506c2fd49bac032e1ca148c35a478c8,28061920000000000,21000,203950000000,0x,2074675,21000,,,1,2021-02-12 01:45:22 UTC,11838934,0x8c2043ce3deb2b9fa57c7ced5150a3ef26772f7cb901fed73edd930a122134e6
0xae35c40ea1750ca00a923b9203fa36762214c417147c6cabb8176dd6bf40a605,64,53,0x0008c5ae4f099c882d1f3d747e87ef9c8ac14b35,0x10fd90d8f1543fff6b8056bcf40dfb39231781c4,302930059994939000,21000,203940000241,0x,2095675,21000,,,1,2021-02-12 01:45:22 UTC,11838934,0x8c2043ce3deb2b9fa57c7ced5150a3ef26772f7cb901fed73edd930a122134e6
0xc5f3fc6e5d2c575ceeae1454af7d9583b2d49f3cbe5c68d5ef268fc5120d17ef,2,54,0xb7b6d4161223f6e6e5a3f57559e25490d43fdd3c,0x01ec947bd54d2c1ed1c7465409f2c378c6d82df4,45875239962638840,21000,200000000000,0x,2116675,21000,,,1,2021-02-12 01:45:22 UTC,11838934,0x8c2043ce3deb2b9fa57c7ced5150a3ef26772f7cb901fed73edd930a122134e6
0x5f75a7b281126741f626f8e7a8c9c9dd0a21ae49ebf15afd593a81752a64ce23,4,55,0xd49c6bb638308b68a3128b198ecfb34dd89d4333,0x80cadee4736af115332c3020cfcd952a3cd7d97f,570000000000000000,21000,200000000000,0x,2137675,21000,,,1,2021-02-12 01:45:22 UTC,11838934,0x8c2043ce3deb2b9fa57c7ced5150a3ef26772f7cb901fed73edd930a122134e6
0x6aa541622cb00170f19468faa3e868fadf7263095a98783496082310577d4fc2,1788452,56,0xe93381fb4c4f14bda253907b18fad305d799241a,0xc011a73ee8576fb46f5e1c5751ca3b9fe0af2a6f,0,150000,200000000000,0xa9059cbb0000000000000000000000004b5074f1734a20da35d24812e04aed031c4a4edf0000000000000000000000000000000000000000000000004bae3a06e0530000,2233351,95676,,,1,2021-02-12 01:45:22 UTC,11838934,0x8c2043ce3deb2b9fa57c7ced5150a3ef26772f7cb901fed73edd930a122134e6
0x9581180cde88b8255c984c093fb1fa44256a42bdbe78766af54df1c210753371,108,57,0x695c6103e3d7cb9dff2a2f6648c0951dd39f4952,0xf1f508c7c9f0d1b15a76fba564eef2d956220cf7,0,51000,190000000000,0xbc431b0d000000000000000000000000000000000000000000000001193d353bc5192500,2284351,51000,,,0,2021-02-12 01:45:22 UTC,11838934,0x8c2043ce3deb2b9fa57c7ced5150a3ef26772f7cb901fed73edd930a122134e6
0xb7d8fc4332373f7df6f8db128ffa11476727040e864f8a185e26b8a95dfa44c9,176521,58,0x000002cba8dfb0a86a47a415592835e17fac080a,0x0000006daea1723962647b7e189d311d757fb793,0,400000,185000100366,0x178979ae000000000000000000000000000000cce580fb2b76b2d1196c237db199d82505000000000000000000000000000000000000000000000000c1f8a2656a1cc000000000000000000000000000000000000000000000000000000000000000006000000000000000000000000000000000000000000000000000000000000001848743ad5800000000000000000000000000000000000000000000000000000000000000a0000000000000000000000000eeeeeeeeeeeeeeeeeeeeeeeeeeeeeeeeeeeeeeee000000000000000000000000ba100000625a3754423978a60c9317c58a424e3d000000000000000000000000000000000000000000000000c1f8a2656a1cc00000000000000000000000000000000000000000000000001be9988d79ecc7000000000000000000000000000000000000000000000000000000000000000000010000000000000000000000009dde0b1d39d0d2c6589cde1bfed3542d2a3c5b11000000000000000000000000c02aaa39b223fe8d0a0e5c4f27ead9083c756cc2000000000000000000000000ba100000625a3754423978a60c9317c58a424e3d000000000000000000000000000000000000000000000000c1f8a2656a1cc00000000000000000000000000000000000000000000000001be9988d79ecc70000ffffffffffffffffffffffffffffffffffffffffffffffffffffffffffffffff00000000000000000000000000000000000000000000000000000000,2454111,169760,,,1,2021-02-12 01:45:22 UTC,11838934,0x8c2043ce3deb2b9fa57c7ced5150a3ef26772f7cb901fed73edd930a122134e6
0x1bea0db34cb14e0e0b24aec62d43d9963f3f84dc93c898c2e5833800d8471dd5,184,59,0xb648699e19745ef008fc9add855715b2734215f0,0xc2c747e0f7004f9e8817db2ca4997657a7746928,0,123777,183657142857,0x23b872dd000000000000000000000000b648699e19745ef008fc9add855715b2734215f0000000000000000000000000dab9031e0ba55d0cf9c88b06195ed77ad489c89700000000000000000000000000000000000000000000000000000000000010e7,2547888,93777,,,1,2021-02-12 01:45:22 UTC,11838934,0x8c2043ce3deb2b9fa57c7ced5150a3ef26772f7cb901fed73edd930a122134e6
0x9b41dbe1de36225a09bd91d32d16945ec4d6683061e11aef7ab2d6b574972c32,5,60,0xcd51bc88e1134af5a61c8508aa5931a06763624e,0x291ac561906c3189ce209f38887e3bf1fce6f6e2,2380000000000000000,21000,180000000000,0x,2568888,21000,,,1,2021-02-12 01:45:22 UTC,11838934,0x8c2043ce3deb2b9fa57c7ced5150a3ef26772f7cb901fed73edd930a122134e6
0x31917164510e203432a0865ed3fdb21110d0ccce47d8d85b6c0c6ad9468d53cd,432609,61,0x1938a448d105d26c40a52a1bfe99b8ca7a745ad0,0x18038288e688f2e3214b03a6238d87efed722c48,0,200000,177600000000,0x6ea056a9000000000000000000000000a0b73e1ff0b80914ab6fe0444e65848c4c34450b00000000000000000000000000000000000000000000000000001270512fa935,2620858,51970,,,1,2021-02-12 01:45:22 UTC,11838934,0x8c2043ce3deb2b9fa57c7ced5150a3ef26772f7cb901fed73edd930a122134e6
0x88987dd475e4ef1fbdd2a0422e7203b75d4ed4574746c4ea12db11bc396d3245,432610,62,0x1938a448d105d26c40a52a1bfe99b8ca7a745ad0,0x41db4382862256f37f370bbb6394d864582cde31,0,200000,177600000000,0x6ea056a9000000000000000000000000a0b73e1ff0b80914ab6fe0444e65848c4c34450b00000000000000000000000000000000000000000000000000001146d7f76e60,2687828,66970,,,1,2021-02-12 01:45:22 UTC,11838934,0x8c2043ce3deb2b9fa57c7ced5150a3ef26772f7cb901fed73edd930a122134e6
0xb35509174c7a4f875e08d07d268873ae0b70d503856ffa4daa8a7f43ed9cca66,9935500,63,0xfbb1b73c4f0bda4f67dca266ce6ef42f520fbb98,0x0f5d2fb29fb7d3cfee444a200298f468908cc942,0,150000,177120000000,0xa9059cbb000000000000000000000000e0f06e5ba07feb2deac264ab552cbafd4b5d456f00000000000000000000000000000000000000000000019c653989ecce01b400,2725289,37461,,,1,2021-02-12 01:45:22 UTC,11838934,0x8c2043ce3deb2b9fa57c7ced5150a3ef26772f7cb901fed73edd930a122134e6
0x71de5d46ccdb2289eaf644e43d3b4c677e345f2f997706c35d5b992abadc96b4,32,64,0x9acd786d6a0ce44fab31a1117a30e23667764165,0xb58c4070222543462c03d2a4b972f5d22ef80f9b,36625850000000000,21000,177120000000,0x,2746289,21000,,,1,2021-02-12 01:45:22 UTC,11838934,0x8c2043ce3deb2b9fa57c7ced5150a3ef26772f7cb901fed73edd930a122134e6
0x082f4ee018b2ee9b544660fac63f5d54a5eb0e7f5f9c01469a176dd09c038b5a,44,65,0x3764be0346fecca3c32b45af4a37bee5774fddf4,0xb9c764114c5619a95d7f232594e3b8dddf95b9cf,6751320740000000,21000,174906000000,0x,2767289,21000,,,1,2021-02-12 01:45:22 UTC,11838934,0x8c2043ce3deb2b9fa57c7ced5150a3ef26772f7cb901fed73edd930a122134e6
0xd9b8b6755631a70bec7fd786273c72653bed22b5fd982c5dc817e5411a342bbd,2423,66,0xe66845fd840fc7e489bcb61241fff5b7fc5f1f0e,0x2602669a92fccf44e5319ff51b0f453aab9db021,1600000000000000000,3240000,167480000000,0x51d0eac400000000000000000000000000000000000000000000000000000000000000400000000000000000000000000000000000000000000000000000000000000a600000000000000000000000000000000000000000000000000000000000000080000000000000000000000000738598339c66bb313551f56e69d5bdbd887fc211000000000000000000000000fde225667a77c4f2ce5fe09ec3c7c0ca2e4f2059000000000000000000000000b19e951e3eadc07210a7af306e7356010b662f77000000000000000000000000aaf1f1422327eb5b1d6d0e2c85784a357c5ef97a000000000000000000000000822095a2b598e3014b0f116e8f1207ec4c487127000000000000000000000000cb1beab760a42482e87c7d69a69afdbbd7e43a8c000000000000000000000000b4a0f95480cdc87504afc9f3de65db1f4d82e3fe000000000000000000000000d48f88d7be4e84a82f0ada87adccaa279fb6d18b0000000000000000000000002fc458d120736ffc1733c684edc5e9af58f68483000000000000000000000000af382573d140ea6a5d0d388b72318e0f303db21a000000000000000000000000c5b29d82edb609d802a5c3c4838ef54625bd11fd000000000000000000000000580315c48d6b6ac001953bbe45b6ae9ca91bccd90000000000000000000000000921e62ea1b86263bf5bd612ab264663d1cbc1dc0000000000000000000000000083989e5b7f21fd36bd0e3fbc428e90d5c5fab8000000000000000000000000e5fa4b6ca84a8efab45d7d8de24a439973797d34000000000000000000000000a24045449727764aae7fa07cd8677502f7c354d1000000000000000000000000daeaf7505029bfa05c1c5dd966e1809ed63e967e000000000000000000000000bca5851d60289fa66ac47efdee03c69d6d8eac11000000000000000000000000a2220b389fd718836e60cd1d450ca358d9c25b030000000000000000000000000f5bc5e6da2235ceb43a6719a34ab6c70fee560c0000000000000000000000002e9de4597576fbf796c8630921caf9f8aea19d570000000000000000000000000de5b7296c2c2eb52d802c407f31d7e34e1b8efd000000000000000000000000f0c681eb595bff716df05209e6ca08368664c28d000000000000000000000000bf2b0e8dabe38bcd1e44de04b3b93251013dd0d7000000000000000000000000d487fac6c4769d05393786f157520d0260a6f87300000000000000000000000018fab30164382af8f62010eef934a67952ed04c8000000000000000000000000a9e63b4f91a332b7e3ad38aa9a90065969100f5d000000000000000000000000f68e1e505af625fbd047decb1351b2f743f7584e000000000000000000000000f871000541f2389bed51205d72060e167f69882c000000000000000000000000e461671a64e7bc953541c26462f33b84fd0f3c67000000000000000000000000a9b7235b6c49ddc41cb7fe71deff1cbef3df121a00000000000000000000000030c7e4d42e3026404846ca5b6a70fce092c281490000000000000000000000004dbdfff5572e65b2c56fc0e468d9f8e9f48c19050000000000000000000000000c87ef0c349e2c49f1f29c5aa028bb97239abbcb0000000000000000000000006751cc8c9f8e0cabb4d5dd30ed4eeb5dd281ce4c0000000000000000000000005e03b5a3f18c8edd6b742331b61cbca43a0fb2b4000000000000000000000000c3a88633f370ccb1a0038698556b4fd005085f070000000000000000000000004967059ab76ef6afbdf7f8a66aee140fd8d1c704000000000000000000000000f96485774f7e30c7dc128578e4a7a27cdd099c050000000000000000000000004d92959ea904f3025551d479e04b0912deed62bc00000000000000000000000067ceddc38cbb8dbc6ff1872bb13feb48998b597b0000000000000000000000006a26a427203b5e18722602467c6f37b6be703dda000000000000000000000000b225942ba412674f8170b16a582a14d11351bea00000000000000000000000002bea44697a0a8e770f5dc9f51e9cd9e354e2f4ed000000000000000000000000cad572e212e99acc0e69986d375642b0dde156e50000000000000000000000001a17b96d9ea656374908991ec9aca37cd206dded000000000000000000000000c53277c249b750911c28514d0286d3af49565c38000000000000000000000000a1873becc8f83018a6db1879f957e87b209023700000000000000000000000004c21a12e26f24dec4a5bb9d2c7d2db179c1ce0c7000000000000000000000000ca012ef2a47d2384086d61a3087d90e22e4f0880000000000000000000000000c07fef19d1c56cc82b5503d8830ad2fdb9f24050000000000000000000000000888aa90ebc3eb9de3a69be6f958d6e529c5b6ad3000000000000000000000000049b8d99bae2de7df933933e1ac483bf3a97dc730000000000000000000000008d2065038cf7f9f69dabeb32e5c982ef74b66bd4000000000000000000000000a51b24fc4ba7329f91fd7e035dd9075d992367330000000000000000000000008198b34cc533f91b005e488879590b4ba66c3e7e000000000000000000000000168bed44fed1501355f30f211e87f72d7525c90100000000000000000000000099737bfdf1180986fc98e739542cde559c4855cb0000000000000000000000006e93f7b84457cb249d8d802a382cafb33b720c80000000000000000000000000cb85a58744b1b942d6ccd343331c1e5d0b722c81000000000000000000000000ad6b6b7a762081f8fba31c18965dad9cf3de5295000000000000000000000000b83e332e0906c6712a10fd20f8902b42233fcd4200000000000000000000000025652cdafe6929bc7016fb070d9abf90a160c136000000000000000000000000b72c65fa819e8f76eaac1cd54c05059aa046f27e000000000000000000000000e501f6202bcadd1a7a0a4b063f6038e38e13c0b4000000000000000000000000651023f6ebed0e2eb29e4cbfca12b4f5bdf6202d0000000000000000000000008861c9729d262359303e4a1c28abf8af4d2ee000000000000000000000000000f65526d0855ee661e266a0417aa15f219ed2fab20000000000000000000000006962a495dcf4f04c902aa750e351a8ed4cf0acc3000000000000000000000000535ff882db79aa17568cfaa0ebd600ac4f83e4940000000000000000000000001fe67264253a109b790f38bbf220223df1d589e0000000000000000000000000d919a7ed08f3d959f2ecc714679c869a0f96dca1000000000000000000000000e94cc2546edf0924a421d1bae9192d509d1bc64b000000000000000000000000dfd9af005280ea60ee0f89588ac0def91937fc63000000000000000000000000708809c2a7b4edcb2e94fc5e7d358a095ad5a4350000000000000000000000007f5a06a68ead8944c6ec3c33cbabd0ad1fead64700000000000000000000000022d2678d81ddb511df4d89dc5b41e88b01c556370000000000000000000000003bcfeef30b9b6427b41362d284aac7ac24bdc720000000000000000000000000f79f7080f3f31a2e1100effbd3f5c1bd95c1fca5000000000000000000000000008a7d38ee7f5c447e95da49c92131ff4b89eefe000000000000000000000000000000000000000000000000000000000000008000000000000000000000000000000000000000000000000000470de4df82000000000000000000000000000000000000000000000000000000470de4df82000000000000000000000000000000000000000000000000000000470de4df82000000000000000000000000000000000000000000000000000000470de4df82000000000000000000000000000000000000000000000000000000470de4df82000000000000000000000000000000000000000000000000000000470de4df82000000000000000000000000000000000000000000000000000000470de4df82000000000000000000000000000000000000000000000000000000470de4df82000000000000000000000000000000000000000000000000000000470de4df82000000000000000000000000000000000000000000000000000000470de4df82000000000000000000000000000000000000000000000000000000470de4df82000000000000000000000000000000000000000000000000000000470de4df82000000000000000000000000000000000000000000000000000000470de4df82000000000000000000000000000000000000000000000000000000470de4df82000000000000000000000000000000000000000000000000000000470de4df82000000000000000000000000000000000000000000000000000000470de4df82000000000000000000000000000000000000000000000000000000470de4df82000000000000000000000000000000000000000000000000000000470de4df82000000000000000000000000000000000000000000000000000000470de4df82000000000000000000000000000000000000000000000000000000470de4df82000000000000000000000000000000000000000000000000000000470de4df82000000000000000000000000000000000000000000000000000000470de4df82000000000000000000000000000000000000000000000000000000470de4df82000000000000000000000000000000000000000000000000000000470de4df82000000000000000000000000000000000000000000000000000000470de4df82000000000000000000000000000000000000000000000000000000470de4df82000000000000000000000000000000000000000000000000000000470de4df82000000000000000000000000000000000000000000000000000000470de4df82000000000000000000000000000000000000000000000000000000470de4df82000000000000000000000000000000000000000000000000000000470de4df82000000000000000000000000000000000000000000000000000000470de4df82000000000000000000000000000000000000000000000000000000470de4df82000000000000000000000000000000000000000000000000000000470de4df82000000000000000000000000000000000000000000000000000000470de4df82000000000000000000000000000000000000000000000000000000470de4df82000000000000000000000000000000000000000000000000000000470de4df82000000000000000000000000000000000000000000000000000000470de4df82000000000000000000000000000000000000000000000000000000470de4df82000000000000000000000000000000000000000000000000000000470de4df82000000000000000000000000000000000000000000000000000000470de4df82000000000000000000000000000000000000000000000000000000470de4df82000000000000000000000000000000000000000000000000000000470de4df82000000000000000000000000000000000000000000000000000000470de4df82000000000000000000000000000000000000000000000000000000470de4df82000000000000000000000000000000000000000000000000000000470de4df82000000000000000000000000000000000000000000000000000000470de4df82000000000000000000000000000000000000000000000000000000470de4df82000000000000000000000000000000000000000000000000000000470de4df82000000000000000000000000000000000000000000000000000000470de4df82000000000000000000000000000000000000000000000000000000470de4df82000000000000000000000000000000000000000000000000000000470de4df82000000000000000000000000000000000000000000000000000000470de4df82000000000000000000000000000000000000000000000000000000470de4df82000000000000000000000000000000000000000000000000000000470de4df82000000000000000000000000000000000000000000000000000000470de4df82000000000000000000000000000000000000000000000000000000470de4df82000000000000000000000000000000000000000000000000000000470de4df82000000000000000000000000000000000000000000000000000000470de4df82000000000000000000000000000000000000000000000000000000470de4df82000000000000000000000000000000000000000000000000000000470de4df82000000000000000000000000000000000000000000000000000000470de4df82000000000000000000000000000000000000000000000000000000470de4df82000000000000000000000000000000000000000000000000000000470de4df82000000000000000000000000000000000000000000000000000000470de4df82000000000000000000000000000000000000000000000000000000470de4df82000000000000000000000000000000000000000000000000000000470de4df82000000000000000000000000000000000000000000000000000000470de4df82000000000000000000000000000000000000000000000000000000470de4df82000000000000000000000000000000000000000000000000000000470de4df82000000000000000000000000000000000000000000000000000000470de4df82000000000000000000000000000000000000000000000000000000470de4df82000000000000000000000000000000000000000000000000000000470de4df82000000000000000000000000000000000000000000000000000000470de4df82000000000000000000000000000000000000000000000000000000470de4df82000000000000000000000000000000000000000000000000000000470de4df82000000000000000000000000000000000000000000000000000000470de4df82000000000000000000000000000000000000000000000000000000470de4df82000000000000000000000000000000000000000000000000000000470de4df82000000000000000000000000000000000000000000000000000000470de4df82000000000000000000000000000000000000000000000000000000470de4df820000,4673130,1905841,,,1,2021-02-12 01:45:22 UTC,11838934,0x8c2043ce3deb2b9fa57c7ced5150a3ef26772f7cb901fed73edd930a122134e6
0x2feb3080d4a5f7d01082d95cfdaddb371ec3870379db6d69f28fa55d1d3b189b,344243,67,0xa1d8d972560c2f8144af871db508f0b0b10a3fbf,0xdd974d5c2e2928dea5f71b9825b8b646686bd200,0,128261,167480000000,0xa9059cbb00000000000000000000000092ec2036886c1f59e516b012703eb795550a4c220000000000000000000000000000000000000000000000075e83b9ebd39e4000,4725639,52509,,,1,2021-02-12 01:45:22 UTC,11838934,0x8c2043ce3deb2b9fa57c7ced5150a3ef26772f7cb901fed73edd930a122134e6
0x54d9a8146394b84bfb31817b805ee5829a8867dd1ee64cc7070c1c9029925553,344244,68,0xa1d8d972560c2f8144af871db508f0b0b10a3fbf,0x0f51bb10119727a7e5ea3538074fb341f56b09ad,0,127146,167480000000,0xa9059cbb00000000000000000000000059a9a5561d6b863762cf29d45d899c57b1ae5a6c000000000000000000000000000000000000000000000000d02ab486cedc0000,4777290,51651,,,1,2021-02-12 01:45:22 UTC,11838934,0x8c2043ce3deb2b9fa57c7ced5150a3ef26772f7cb901fed73edd930a122134e6
0xfa84fc50810851f3b5370fd1263b7b005f82e05413cd129fb3038f1c0a8c28dc,1271,69,0xa1db546883c772c7fd4034e265c0779fb1d7880a,0xd5525d397898e5502075ea5e830d8914f6f0affe,0,80000,163900000000,0x095ea7b3000000000000000000000000ad97c2fcca6bc28dd2dd20f6c28ab76ab35d3601ffffffffffffffffffffffffffffffffffffffffffffffffffffffffffffffff,4821764,44474,,,1,2021-02-12 01:45:22 UTC,11838934,0x8c2043ce3deb2b9fa57c7ced5150a3ef26772f7cb901fed73edd930a122134e6
0x81270180887a35b44d8a853d3d29a23c16b79c6bce32db075f72318f393d97dd,2775,70,0xc2f00ed8c9011796a0539f8824b6717716befd78,0x0d8775f648430679a709e98d2b0cb6250d2887ef,0,60000,162360000000,0xa9059cbb0000000000000000000000005b652f425db1c4172f87a6780170dbc9616143b600000000000000000000000000000000000000000000008cf23f909c0fa00000,4873804,52040,,,1,2021-02-12 01:45:22 UTC,11838934,0x8c2043ce3deb2b9fa57c7ced5150a3ef26772f7cb901fed73edd930a122134e6
0xea2b6ad5676d1fc90c27b705e0fc6d348f99f411b07f834b0c4366658466b2d4,3,71,0xbab777160c1cc824f010d73727d853c944c9b84a,0xdac17f958d2ee523a2206206994597c13d831ec7,0,45343,162360000000,0xa9059cbb000000000000000000000000c261d310fb882ec3ac8155ac69097405672d7d3a00000000000000000000000000000000000000000000000000000002c86daf51,4900025,26221,,,1,2021-02-12 01:45:22 UTC,11838934,0x8c2043ce3deb2b9fa57c7ced5150a3ef26772f7cb901fed73edd930a122134e6
0x41c23c05c1ab376e9a99ef1ead40d99f00a69babff48ee2f8d6b07043e146c2a,148,72,0xdaed443cb3ba31115549d7baf8693186037eea55,0x7a250d5630b4cf539739df2c5dacb4c659f2488d,0,171798,162360000000,0x18cbafe50000000000000000000000000000000000000000000002b49ff2638fcc92f74b00000000000000000000000000000000000000000000000028133704b85ba90b00000000000000000000000000000000000000000000000000000000000000a0000000000000000000000000daed443cb3ba31115549d7baf8693186037eea55000000000000000000000000000000000000000000000000000000006025e24f0000000000000000000000000000000000000000000000000000000000000002000000000000000000000000f9fbe825bfb2bf3e387af0dc18cac8d87f29dea8000000000000000000000000c02aaa39b223fe8d0a0e5c4f27ead9083c756cc2,5015923,115898,,,1,2021-02-12 01:45:22 UTC,11838934,0x8c2043ce3deb2b9fa57c7ced5150a3ef26772f7cb901fed73edd930a122134e6
0x9701b9bcd745bc882997ce53637b2dc4287a3593f74368ac1aa32ffcff620784,5186,73,0xe58895617068b01d49d6ad74dff6d8b6f63cc18d,0xa5959e9412d27041194c3c3bcbe855face2864f7,0,48556,162360000000,0xa9059cbb0000000000000000000000007864918c2e819704dd84ac6f6d1b2c680e16fd1900000000000000000000000000000000000000000000000002c1c1b740343104,5053274,37351,,,1,2021-02-12 01:45:22 UTC,11838934,0x8c2043ce3deb2b9fa57c7ced5150a3ef26772f7cb901fed73edd930a122134e6
0xa2b339a65807e8792b6ce5699baedf0818fa434dc4e328c700782545d4882644,3,74,0x408141cc91e8e6cdeb07279a5e02a6090c0ff14b,0x362bc847a3a9637d3af6624eec853618a43ed7d2,0,80698,162360000000,0xa9059cbb000000000000000000000000af4dab452fdc73b053b0447492f53dfc91f675ac000000000000000000000000000000000000000000000015af1d78b58c400000,5107073,53799,,,1,2021-02-12 01:45:22 UTC,11838934,0x8c2043ce3deb2b9fa57c7ced5150a3ef26772f7cb901fed73edd930a122134e6
0xae5cf6acad0e65a5958a0ad5a38bda62c2524e198bbbceef1599c6a3652c9ecc,3,75,0x449199e90cd15985375de13b4b3b0bd907354ae2,0x795ab61be17d022805ca984e72e0db831f2cdb21,17321642473619274,21000,162000000000,0x,5128073,21000,,,1,2021-02-12 01:45:22 UTC,11838934,0x8c2043ce3deb2b9fa57c7ced5150a3ef26772f7cb901fed73edd930a122134e6
0x1c2d884d6d64b65f667d92c510729f400d42129d32720169ed83c0358801c4cc,556,76,0xf5eb2293bb18199fdf58f4f85fc9d4fbfea0638b,0x1494ca1f11d487c2bbe4543e90080aeba4ba3c2b,0,54639,160600000000,0xa9059cbb00000000000000000000000030e61dda8dde4b10b283c105819854f0c4b9ec680000000000000000000000000000000000000000000000008ac7230489e80000,5164499,36426,,,1,2021-02-12 01:45:22 UTC,11838934,0x8c2043ce3deb2b9fa57c7ced5150a3ef26772f7cb901fed73edd930a122134e6
0x2fc36d1a2728b87c7d77aad3ff233590641d6834b3f34b8ee4325d20ca8901cf,66,77,0xdeb0c864824002da995db39985af54be4f1666e4,0x7a250d5630b4cf539739df2c5dacb4c659f2488d,950000000000000000,159317,160600000000,0x7ff36ab5000000000000000000000000000000000000000000000000190c6b8531163b8c0000000000000000000000000000000000000000000000000000000000000080000000000000000000000000deb0c864824002da995db39985af54be4f1666e4000000000000000000000000000000000000000000000000000000006025e2120000000000000000000000000000000000000000000000000000000000000002000000000000000000000000c02aaa39b223fe8d0a0e5c4f27ead9083c756cc200000000000000000000000088930072f583936f506ce1f1d5fe69290c2d6a2a,5283844,119345,,,1,2021-02-12 01:45:22 UTC,11838934,0x8c2043ce3deb2b9fa57c7ced5150a3ef26772f7cb901fed73edd930a122134e6
0xec2d14ab4da9982d1417c3e2267fec6ac715c8a1688350ea833503db626696f0,88,78,0xe4ac98734dadaa8c0bee850bb1155edade7bcc6e,0x090d4613473dee047c3f2706764f49e0821d256e,0,73441,160600000000,0x2e7ba6ef000000000000000000000000000000000000000000000000000000000003a70a000000000000000000000000e4ac98734dadaa8c0bee850bb1155edade7bcc6e000000000000000000000000000000000000000000000015af1d78b58c4000000000000000000000000000000000000000000000000000000000000000000080000000000000000000000000000000000000000000000000000000000000001262e63822899df809549d6ee9b27aa3a9529088ab62dab1e88bce08cb3b19a03d1f20d694ed073d6317875d335755970b405b037b2f2ec71f342732eade4e8935968a7507eee1954e6f7d381b0ebd9ab72e7ac8e13989e4324aa60c402ad4f89855de0f531a8a4197e87fe2e0c79b319280182aefaf99e7046d43dec995b78bbebd13d784280bdebf2f3ff77c72c88e13677b83acec0560040145f1d5e2b4cf7792f5045e80aa4a3d3193bbf5fcccecbde3ad042895984d379fd124d5ab1bc2424472b0cfcc007128ec5997c4d11a7e0ea658b2034d3900ce40c0b9807d0e0084092fb342f71d8f8981c395b8ab5196e271b90018946790ff7a92d8af901141ebfa10fe069c53d5808fc418a1cfe099f08dfe3c99b4386502bfbda77cfa3d0b8c45056cae79bc716dfaabda7a082bdf199710700ffb489bfb37644d1c5054ac83db86c8e446f9c8a5a8ead77471edb8ce732e23fd2497fc41764327e2401e1517d0da005f3ca9dea5bb791b82dbc34914e3ec70edc71ea49bc32fd04b06b6818675321389bfadf0641313e0e8eef8257418ae596da57d46920d7796eaf2539a221506546f7e41b28d226e27037b533ab6850d9dd5d899d2f4b1bc8e72601bdc42d5e600b0ff793547824f1056e9573400b28cb9ad822e705761ef2687d9206e11335a4bbb9d0d484fedb3710c00155d55e011b2d28d4d03da9b1f3fc4a8d59f724e08bb6b91a529a32255dbe645bfc0a7f4cd36a6c19565e7a436fd34d038432adb2d94e778166bcbacf53ba7b9d34046fbf18943170ec79565b21c5d8499e490,5350609,66765,,,1,2021-02-12 01:45:22 UTC,11838934,0x8c2043ce3deb2b9fa57c7ced5150a3ef26772f7cb901fed73edd930a122134e6
0xc6f2bdd28623af93dc8b58edd2996174d9573cb76472558d1cb60b045593f5dc,8,79,0xbc1f2b5188d0527ca11624a779410de399a3b752,0xa0b86991c6218b36c1d19d4a2e9eb0ce3606eb48,0,86772,160600000000,0xa9059cbb000000000000000000000000eca3367fc0791f0af5d5d8f5221283d3a409272c0000000000000000000000000000000000000000000000000000000006ea0500,5407978,57369,,,1,2021-02-12 01:45:22 UTC,11838934,0x8c2043ce3deb2b9fa57c7ced5150a3ef26772f7cb901fed73edd930a122134e6
0x687cf7cb4d33c3a8e4c975bd7f5ff8be712b206329293d34c0d14a4294e00479,2299,80,0x2ffdd9611bf7a48680e85e206af8e06e98dde6b5,0xdac17f958d2ee523a2206206994597c13d831ec7,0,60000,159000000000,0xa9059cbb00000000000000000000000026e0cefe58a1e1e1c21e3358e4c6f812f1253ef2000000000000000000000000000000000000000000000000000000001d9f9e40,5449187,41209,,,1,2021-02-12 01:45:22 UTC,11838934,0x8c2043ce3deb2b9fa57c7ced5150a3ef26772f7cb901fed73edd930a122134e6
0x5d0d9a5e968c9c4a031593585cd0600eceb1bcc0245699e17f3f0cdefd1972a9,4396,81,0x8be840e8198dcc91bc0b7ac7b328d91609931c45,0xd46ba6d942050d489dbd938a2c909a5d5039a161,0,99000,157600000000,0xa9059cbb000000000000000000000000ec894b706f64222d2de3346050060f6c20e20ef100000000000000000000000000000000000000000000000000000003794e4d44,5504457,55270,,,1,2021-02-12 01:45:22 UTC,11838934,0x8c2043ce3deb2b9fa57c7ced5150a3ef26772f7cb901fed73edd930a122134e6
0x61b6e214c0e4eb21d36c77b5180e335df71033a7542ea999acdd642a9a9aaad4,10928,82,0xe0bf5a2b256e0cf9799d88fceba20e12f2107c8b,0x03f34be1bf910116595db1b11e9d1b2ca5d59659,0,500000,150000000000,0xa32fe0a100000000000000000000000000000000000000000000000000000000000000200000000000000000000000000000000000000000000000000000000000000444645a55b6a6a42c2b217b4ec03ad8380b59b92f4eca9ed3d285891df604a38dd55680e752000000000000000000000000000000000000000000000000000000000000006000000000000000000000000000000000000000000000000000000000000003c0000000000000000000000000000000000000000000000000000000000000032464a3bc150000000000000000000000000000000000000000000000000000000000000060000000000000000000000000000000000000000000000000000000007735940000000000000000000000000000000000000000000000000000000000000002a0000000000000000000000000b3c839dbde6b96d37c56ee4f9dad3390d49310aa0000000000000000000000008d90113a1e286a5ab3e496fbd1853f265e5913c6000000000000000000000000631b15348af90ecdfaf817220598e16c5bb3b2940000000000000000000000008d90113a1e286a5ab3e496fbd1853f265e5913c60000000000000000000000000000000000000000000000000f84edbc2f6c8000000000000000000000000000000000000000000000000000000000007735940000000000000000000000000000000000000000000000000000000000000000000000000000000000000000000000000000000000000000000000000000000000000000000000000000000000000000000000000000000000000000006025e481db66de951126d3c4ed7877151981b56a0ff0b76f4127fd2b777837ee70e1016c000000000000000000000000000000000000000000000000000000000000018000000000000000000000000000000000000000000000000000000000000001e00000000000000000000000000000000000000000000000000000000000000024f47261b0000000000000000000000000c02aaa39b223fe8d0a0e5c4f27ead9083c756cc2000000000000000000000000000000000000000000000000000000000000000000000000000000000000000000000000000000000000000000000024f47261b0000000000000000000000000dac17f958d2ee523a2206206994597c13d831ec70000000000000000000000000000000000000000000000000000000000000000000000000000000000000000000000000000000000000000000000581cf13ff9d752e2162ce136e1b2f4d737cb462dd80f5dbd4dba5b0e1d9c5791d9745977c4e72ecda99365f03ae576d7c2b2fd8eda6db79d5b593fd4f770611ea49f631b15348af90ecdfaf817220598e16c5bb3b294016c0400000000000000000000000000000000000000000000000000000000000000000000000000000000000000000000000000000000000000000000000000000000000000561c0ffd7488757a7a851607b86c0919673fb256c3ac80dafe400ff35c8f0852f7ed474c57a70aa6a4a226e58f1bf32d33a9184d2f7ba77857969c6f641c3c15af5f631b15348af90ecdfaf817220598e16c5bb3b294040000000000000000000000000000000000000000000000000000000000000000000000000000,5768305,263848,,,1,2021-02-12 01:45:22 UTC,11838934,0x8c2043ce3deb2b9fa57c7ced5150a3ef26772f7cb901fed73edd930a122134e6
0x19ce52b60bd520fdc295afc9b75e215ddc6e1a68a06fff868fa3e43bf4f96f46,118994,83,0xff2b320cf904d78eae7298ed10ec143c5e7e2314,0x2f6bfbbb5d9cd374574aa552dc6942c01d330c75,0,500000,150000000000,0x202ee0ed000000000000000000000000000000000000000000000000000000000000035c000000000000000000000000000000000000000000000000005f530d72032000,5846063,77758,,,1,2021-02-12 01:45:22 UTC,11838934,0x8c2043ce3deb2b9fa57c7ced5150a3ef26772f7cb901fed73edd930a122134e6
0x39bf92433e5cbe19d79c779add173becddd9524187398f25c249b6b151a7acc2,43460,84,0x6871eacd33fbcfe585009ab64f0795d7152dc5a0,0xa0b86991c6218b36c1d19d4a2e9eb0ce3606eb48,0,51350,150000000000,0x23b872dd000000000000000000000000ab68b6506ee85fbb03bf8ea3c74ca2e5126371e00000000000000000000000006871eacd33fbcfe585009ab64f0795d7152dc5a000000000000000000000000000000000000000000000000000000000015752a0,5882041,35978,,,1,2021-02-12 01:45:22 UTC,11838934,0x8c2043ce3deb2b9fa57c7ced5150a3ef26772f7cb901fed73edd930a122134e6
0x3c29daf6af513a658f7923bd80540ef9d5fe1b61cc470866a966dbc4bebb4c89,34,85,0xc304ba08bdf4b1ef1eb57f0042bfe0faa58bc7cf,0x7a250d5630b4cf539739df2c5dacb4c659f2488d,415260437000000000,157764,149600000000,0x7ff36ab500000000000000000000000000000000000000000000000c4d7d5f0eb6a6c03c0000000000000000000000000000000000000000000000000000000000000080000000000000000000000000c304ba08bdf4b1ef1eb57f0042bfe0faa58bc7cf000000000000000000000000000000000000000000000000000000006025e2120000000000000000000000000000000000000000000000000000000000000002000000000000000000000000c02aaa39b223fe8d0a0e5c4f27ead9083c756cc200000000000000000000000095a4492f028aa1fd432ea71146b433e7b4446611,6012013,129972,,,1,2021-02-12 01:45:22 UTC,11838934,0x8c2043ce3deb2b9fa57c7ced5150a3ef26772f7cb901fed73edd930a122134e6
0x5cff76ac37984028a5749e70c6e225ae1d592c13881fe82ccb93f1f4d5f1635d,4,86,0x41f819b8be42dd8d0d645be225d55cfda869fca0,0x7a250d5630b4cf539739df2c5dacb4c659f2488d,1000000000000000000,134398,149000000000,0x7ff36ab500000000000000000000000000000000000000000000000000000098556c9d2d000000000000000000000000000000000000000000000000000000000000008000000000000000000000000041f819b8be42dd8d0d645be225d55cfda869fca0000000000000000000000000000000000000000000000000000000006025e23f0000000000000000000000000000000000000000000000000000000000000002000000000000000000000000c02aaa39b223fe8d0a0e5c4f27ead9083c756cc20000000000000000000000000a50c93c762fdd6e56d86215c24aaad43ab629aa,6121074,109061,,,1,2021-02-12 01:45:22 UTC,11838934,0x8c2043ce3deb2b9fa57c7ced5150a3ef26772f7cb901fed73edd930a122134e6
0xf732fc04259d2cfa5cda93853f3c434f57b952ef2f7425c2fa3a86dc774c987a,79,87,0xc1b52456b341f567dfc0ee51cae40d35f507129e,0x7a250d5630b4cf539739df2c5dacb4c659f2488d,2000000000000000000,168753,149000000000,0x7ff36ab500000000000000000000000000000000000000000000000000000082c9ef7d7c0000000000000000000000000000000000000000000000000000000000000080000000000000000000000000c1b52456b341f567dfc0ee51cae40d35f507129e000000000000000000000000000000000000000000000000000000006025e4a70000000000000000000000000000000000000000000000000000000000000002000000000000000000000000c02aaa39b223fe8d0a0e5c4f27ead9083c756cc20000000000000000000000009aeb50f542050172359a0e1a25a9933bc8c01259,6236279,115205,,,1,2021-02-12 01:45:22 UTC,11838934,0x8c2043ce3deb2b9fa57c7ced5150a3ef26772f7cb901fed73edd930a122134e6
0x0e847c8e502ad48efe8758b1fce2ff7f7047c80d8e9760dcbed0aeaa56287857,18,88,0xad05c60da69e6a60caef2b0a6c8790de8b4d261a,0xa0446d8804611944f1b527ecd37d7dcbe442caba,0,441513,149000000000,0xa694fc3a00000000000000000000000000000000000000000000000b4a80196d6fea803c,6500621,264342,,,1,2021-02-12 01:45:22 UTC,11838934,0x8c2043ce3deb2b9fa57c7ced5150a3ef26772f7cb901fed73edd930a122134e6
0xaf06c3c5d7f31984262d0005c249e77bd19ed5067d002b3619d7782791aaf327,874,89,0xb5ecec8f18e18b43608c94a8c7565bc0433d5f4c,0x7a250d5630b4cf539739df2c5dacb4c659f2488d,0,239705,149000000000,0x18cbafe50000000000000000000000000000000000000000000000018ddd632b09fed95b000000000000000000000000000000000000000000000000078d1bb80788995e00000000000000000000000000000000000000000000000000000000000000a0000000000000000000000000b5ecec8f18e18b43608c94a8c7565bc0433d5f4c000000000000000000000000000000000000000000000000000000006025e2120000000000000000000000000000000000000000000000000000000000000003000000000000000000000000a283aa7cfbb27ef0cfbcb2493dd9f4330e0fd304000000000000000000000000a0b86991c6218b36c1d19d4a2e9eb0ce3606eb48000000000000000000000000c02aaa39b223fe8d0a0e5c4f27ead9083c756cc2,6686139,185518,,,1,2021-02-12 01:45:22 UTC,11838934,0x8c2043ce3deb2b9fa57c7ced5150a3ef26772f7cb901fed73edd930a122134e6
0x600a824a4f32d3742ee46fe5035b7ea4d1a2a028f70827f67eda678dae8d01a9,5,90,0x63b631f3152c51627baaeaff34b50b993d175d01,0xdac17f958d2ee523a2206206994597c13d831ec7,0,61813,149000000000,0xa9059cbb0000000000000000000000005898bcda81de45cb1dd0e55070e43268bbc46066000000000000000000000000000000000000000000000000000000005e36662d,6712348,26209,,,1,2021-02-12 01:45:22 UTC,11838934,0x8c2043ce3deb2b9fa57c7ced5150a3ef26772f7cb901fed73edd930a122134e6
0xc3002a3eed38c2a0667f91efdc1bb1d34446b2c1a34a93c3f178672a938754eb,102,91,0xb22dff49618a5e962749db0338b1242759203aea,0x8fe08abc94c4f7448796dd0c35294b72e5cffd26,70000000000000000,21000,149000000000,0x,6733348,21000,,,1,2021-02-12 01:45:22 UTC,11838934,0x8c2043ce3deb2b9fa57c7ced5150a3ef26772f7cb901fed73edd930a122134e6
0xf1bb75081297ebaccabc376f347040ce0a159c0740ffb5fe31d0174cadd1c875,101,92,0x3e0aef6b7205dc7a97f6fbd77a7cf9363fe10143,0x8a6f3bf52a26a21531514e23016eeae8ba7e7018,0,48726,149000000000,0x095ea7b30000000000000000000000007a250d5630b4cf539739df2c5dacb4c659f2488dffffffffffffffffffffffffffffffffffffffffffffffffffffffffffffffff,6777645,44297,,,1,2021-02-12 01:45:22 UTC,11838934,0x8c2043ce3deb2b9fa57c7ced5150a3ef26772f7cb901fed73edd930a122134e6
0xe4ec10bf6b5173f39041f0317a4b71c8f043070a598492a8e9177bdb7a244743,647,93,0x000159831a681a63b01911b9c162fbb8949976ba,0x7a250d5630b4cf539739df2c5dacb4c659f2488d,0,194313,149000000000,0x791ac94700000000000000000000000000000000000000000000000006513b12590cff1d00000000000000000000000000000000000000000000000006a88ab6f8b8fa6a00000000000000000000000000000000000000000000000000000000000000a0000000000000000000000000000159831a681a63b01911b9c162fbb8949976ba000000000000000000000000000000000000000000000000000000006025e24f0000000000000000000000000000000000000000000000000000000000000002000000000000000000000000fad45e47083e4607302aa43c65fb3106f1cd7607000000000000000000000000c02aaa39b223fe8d0a0e5c4f27ead9083c756cc2,6940722,163077,,,1,2021-02-12 01:45:22 UTC,11838934,0x8c2043ce3deb2b9fa57c7ced5150a3ef26772f7cb901fed73edd930a122134e6
0x281312cf201a5cf0bb24e4f4e379c2533356683e9a5e49e7e3727b41808f8a5f,36,94,0x353783edc19a2c6ac61cd34f3339788e86aae77f,0xc944e90c64b2c07662a292be6244bdf05cda44a7,0,76713,149000000000,0xa9059cbb000000000000000000000000c1ef67e80ca09bce985e44b97139332f9668b9c00000000000000000000000000000000000000000000000056bc75e2d63100000,6991864,51142,,,1,2021-02-12 01:45:22 UTC,11838934,0x8c2043ce3deb2b9fa57c7ced5150a3ef26772f7cb901fed73edd930a122134e6
0x090d28713833280168615ba4e23b45642aaa3a72018524d56fd6229b8ba3865c,283,95,0x6f1eff4f6ec1eb3e2cb6512b65a6c1efb4b5031e,0xd9e1ce17f2641f24ae83637ab66a2cca9c378b9f,1050549010447570690,254742,149000000000,0xfb3bdb41000000000000000000000000000000000000000000000056bc75e2d63100000000000000000000000000000000000000000000000000000000000000000000800000000000000000000000006f1eff4f6ec1eb3e2cb6512b65a6c1efb4b5031e000000000000000000000000000000000000000000000000000000006025e24a0000000000000000000000000000000000000000000000000000000000000003000000000000000000000000c02aaa39b223fe8d0a0e5c4f27ead9083c756cc2000000000000000000000000dac17f958d2ee523a2206206994597c13d831ec7000000000000000000000000a487bf43cf3b10dffc97a9a744cbb7036965d3b9,7194035,202171,,,1,2021-02-12 01:45:22 UTC,11838934,0x8c2043ce3deb2b9fa57c7ced5150a3ef26772f7cb901fed73edd930a122134e6
0x69c6ea7db00e468b73109d2d51dd5051abe329f960e33c3ebb5c3b0bfaa0f32d,4,96,0xc29df88f235cbf89f9ae40bbe364792abfddb132,0x1b10856fc720150159afbee3a2b75e73762758a2,16799765748228496,21000,149000000000,0x,7215035,21000,,,1,2021-02-12 01:45:22 UTC,11838934,0x8c2043ce3deb2b9fa57c7ced5150a3ef26772f7cb901fed73edd930a122134e6
0xfd12e64515a8ccd857f28c4d19a3b24fc27c366c81b1f22aee2d55795066de12,119,97,0xd4c256e6b4b62b211ec9b321bd177c2e9c4f54e7,0x0e504d3e053885a82bd1cb5c29cbaae5b3673be4,0,119702,149000000000,0x4e71d92d,7284737,69702,,,1,2021-02-12 01:45:22 UTC,11838934,0x8c2043ce3deb2b9fa57c7ced5150a3ef26772f7cb901fed73edd930a122134e6
0xbb9d385dea384df99de875b18c4a95632480f167e618a0ea12c8e4558b9dde0b,70,98,0x64845e20eedc9a389e5aef52fd9575c07857cd91,0x43dfc4159d86f3a37a5a4b3d4580b888ad7d4ddd,0,48852,149000000000,0x095ea7b30000000000000000000000007a250d5630b4cf539739df2c5dacb4c659f2488dffffffffffffffffffffffffffffffffffffffffffffffffffffffffffffffff,7329148,44411,,,1,2021-02-12 01:45:22 UTC,11838934,0x8c2043ce3deb2b9fa57c7ced5150a3ef26772f7cb901fed73edd930a122134e6
0xe98f47822237ba2d47f5851c1c9658b1e889385c8f4db0837adc011585ed4d63,83,99,0xac519dc44315830c2bcc2a4ac1233b3b5a856b36,0x7a250d5630b4cf539739df2c5dacb4c659f2488d,631819000000000000,149207,149000000000,0x7ff36ab500000000000000000000000000000000000000000000003d03d3f33442c5f04a0000000000000000000000000000000000000000000000000000000000000080000000000000000000000000ac519dc44315830c2bcc2a4ac1233b3b5a856b36000000000000000000000000000000000000000000000000000000006025e16c0000000000000000000000000000000000000000000000000000000000000002000000000000000000000000c02aaa39b223fe8d0a0e5c4f27ead9083c756cc20000000000000000000000006b175474e89094c44da98b954eedeac495271d0f,7439446,110298,,,1,2021-02-12 01:45:22 UTC,11838934,0x8c2043ce3deb2b9fa57c7ced5150a3ef26772f7cb901fed73edd930a122134e6
0xab749a19f73eec97ed85fd8ca472600cf05c90733e258acba3689c2b44fcaa1b,33,100,0x748b88e28f87f07fd447dd577d007ea242409973,0x0abc1c558e95e812e1ecfdf4b0f4aab1a6f35c14,13403449200555292,21000,149000000000,0x,7460446,21000,,,1,2021-02-12 01:45:22 UTC,11838934,0x8c2043ce3deb2b9fa57c7ced5150a3ef26772f7cb901fed73edd930a122134e6
0xaa717898d07ae2fe240af53de330f5e3aa73ab0925ab4286cc2b48bb5bb54270,5161,101,0x5fb0b56332ba7638712ad95ab5495a34a860c619,0x7c5d5100b339fe7d995a893af6cb496b9474373c,0,210000,148584370819,0xa9059cbb000000000000000000000000b2b4dd96fdca1eddcfa4317e4deddef0c65f964d000000000000000000000000000000000000000000000018650127cc3dc80000,7512600,52154,,,1,2021-02-12 01:45:22 UTC,11838934,0x8c2043ce3deb2b9fa57c7ced5150a3ef26772f7cb901fed73edd930a122134e6
0x8af34278261246aced8a6f515ae2ce6d983466acac8d85a687fd151a8a304062,657235,102,0x73952f60df25c4389e6afcfa4ebbdfa093e54b73,0xfb80bfa19cae9e00f28b0f7e1023109deeb10483,0,139346,148000000001,0x64887334000000000000000000000000000000000000000000000000000000000000008000000000000000000000000000000000000000000000000000000000000000e00000000000000000000000000000000000000000000000000000000000b4a5d600000000000000000000000000000000000000000000000000000000000001400000000000000000000000000000000000000000000000000000000000000002000000000000fa00f81d2030cbf400000000000000000000000000000000000000ca000700000000000000000000000000000000000000000000000000000000000000000000000000000000000000000000000000000000000000000000000200000000000006000df24420340d0000000000000000000000000000000000000039000100000000000000000000000000000000000000000000000000000000000000000000000000000000000000000000000000000000000000000000000200000000000000000000000000000000000000000000000000000000000000000000000000000000000000000000000000000000000000000000000000000001,7551946,39346,,,1,2021-02-12 01:45:22 UTC,11838934,0x8c2043ce3deb2b9fa57c7ced5150a3ef26772f7cb901fed73edd930a122134e6
0xba997f550375be4d6b53861235ca588f39edebf4d5616b06fedd08eb3c132b34,2,103,0x70d6b91efe465452113249b47c94f01e8ef84356,0x69716a4967a5e330d9f7f4feaef890ec3c911439,5463800000000000,21000,148000000000,0x,7572946,21000,,,1,2021-02-12 01:45:22 UTC,11838934,0x8c2043ce3deb2b9fa57c7ced5150a3ef26772f7cb901fed73edd930a122134e6
0x0d56fde2af4ed7ca0130ddf977445397f3f3b5957393b11082e8e294fb9da534,689,104,0xde528ecec4f16cc20bfafad23b41388343c243c4,0x987474ed050696836d620d0c14cf3f17d57cbaec,15000000000000000,60000,148000000000,0x,7593946,21000,,,1,2021-02-12 01:45:22 UTC,11838934,0x8c2043ce3deb2b9fa57c7ced5150a3ef26772f7cb901fed73edd930a122134e6
0x52ff0671318b19ad0d1205d9327dc129931d5da188ae86a2e497f4ea55b84001,590,105,0x5d5e9edc1badfd85e4a66b83b2afdaf2832a2275,0xdac17f958d2ee523a2206206994597c13d831ec7,0,41197,148000000000,0xa9059cbb00000000000000000000000086bbe9a461894bd18d105b6d504e61d44a67bdae000000000000000000000000000000000000000000000000000000000baeb900,7635143,41197,,,1,2021-02-12 01:45:22 UTC,11838934,0x8c2043ce3deb2b9fa57c7ced5150a3ef26772f7cb901fed73edd930a122134e6
0x94d4adf449afa6cc1b312957b53589805db2347f96c9adf7ed6e444f974105d6,11636,106,0xce76a14dabe64acb8b044c489374c8ca1f456837,0x74917dac25888a28615762c4a29d4ac5d0fd4bfe,15000000000000000,60000,148000000000,0x,7656143,21000,,,1,2021-02-12 01:45:22 UTC,11838934,0x8c2043ce3deb2b9fa57c7ced5150a3ef26772f7cb901fed73edd930a122134e6
0x77e073c04e600bb7ba46fb9ae9c390cbb1cc44f9df5c81e49b18e9ea4fb15bfb,10,107,0xb47d2a1cc36b6b9e4ffd530a5278bd9356b2bd1d,0x7a250d5630b4cf539739df2c5dacb4c659f2488d,1000000000000000000,134715,148000000000,0x7ff36ab50000000000000000000000000000000000000000000008b03c98f51a06a7aeb60000000000000000000000000000000000000000000000000000000000000080000000000000000000000000b47d2a1cc36b6b9e4ffd530a5278bd9356b2bd1d000000000000000000000000000000000000000000000000000000006025e23f0000000000000000000000000000000000000000000000000000000000000002000000000000000000000000c02aaa39b223fe8d0a0e5c4f27ead9083c756cc2000000000000000000000000fe3e6a25e6b192a42a44ecddcd13796471735acf,7684990,28847,,,0,2021-02-12 01:45:22 UTC,11838934,0x8c2043ce3deb2b9fa57c7ced5150a3ef26772f7cb901fed73edd930a122134e6
0xaaeba2282e58582e188705c9d0c00080edd2d633ac61a8d2fed7736aeafacf7d,2031,108,0xcb2126019745e7d6eb392ec858d637b0527b5081,0x0f36e18ac0cad310c49a0d9355b6a13ee3d8e315,15000000000000000,60000,148000000000,0x,7705990,21000,,,1,2021-02-12 01:45:22 UTC,11838934,0x8c2043ce3deb2b9fa57c7ced5150a3ef26772f7cb901fed73edd930a122134e6
0x55dbba0a0d695e57ae2eca7f0d5f21a4a6b2a84153beff10622c407f67146814,1482,109,0x183b6267cb9f985a8aa7fc912672a21d644a4102,0x0c49066c0808ee8c673553b7cbd99bcc9abf113d,0,167875,148000000000,0xb6b55f250000000000000000000000000000000000000000000000000000002358823e0f,7819598,113608,,,1,2021-02-12 01:45:22 UTC,11838934,0x8c2043ce3deb2b9fa57c7ced5150a3ef26772f7cb901fed73edd930a122134e6
0x12b97ddc98820f753ce57c6e025a321f15bfaa0e34763cc5217bc4c2d00e9a58,5,110,0x93cbfc8dca90adf8a8e8061b478704d6dec11039,0xcd4ec7b66fbc029c116ba9ffb3e59351c20b5b06,27162500000000000,254745,148000000000,0x9cec6392000000000000000000000000a3925f5f26697ab2addad777122db09eb45d42328d9c44971a4da18ca3efac41b2b4f386c4ccfad9105759b55753deb1876e0795000000000000000000000000d07dc4262bcdbf85190c01c996b4c06a461d24300000000000000000000000000000000000000000000000000000000000010f690000000000000000000000000000000000000000000000000000000000000002000000000000000000000000000000000000000000000000000000000000000000000000000000000000000000000000000000000000000000000000000000000000000000000000000000000000000000000000000000000000000000000000000000000000000000000000000000000000000000000000000000000000000500000000000000000000000000000000000000000000000001d6bc0c48bd400000000000000000000000000000000000000000000000000000000000000000fa000000000000000000000000000000000000000000000000000000000000001c59bc91dd7c8556097a63c899110f678e78490641dc5a468bd34b6de23d09bc084520688b97cfbff1813b4d798aa7a9c1af030ef38ac6f4329d8b3d5dcc73527000000000000000000000000000000000000000000000000000000000000000fa000000000000000000000000000000000000000000000000000000000000001c4315dc708794d9b9bf0215c82900f500d5f67db4aea3a196d8ee564e5def580151442e10b15465ecef3faccccab9bf6b3a82d3804498a4294bc98e40d3e798c200000000000000000000000000000000000000000000000000000000000000010000000000000000000000000000000000000000000000000000000000000000,8074343,254745,,,1,2021-02-12 01:45:22 UTC,11838934,0x8c2043ce3deb2b9fa57c7ced5150a3ef26772f7cb901fed73edd930a122134e6
0x8f07fecf535be0433acdfe37d248dfed07b654ac9dd5dece99ce9af01e31e840,1364,111,0x167ec339e5539100bc453ac349f012e194bf85a3,0x7a250d5630b4cf539739df2c5dacb4c659f2488d,0,248770,148000000000,0x18cbafe50000000000000000000000000000000000000000000000000000000000b85d6400000000000000000000000000000000000000000000000005980c37bd34a5c000000000000000000000000000000000000000000000000000000000000000a0000000000000000000000000167ec339e5539100bc453ac349f012e194bf85a3000000000000000000000000000000000000000000000000000000006025e2120000000000000000000000000000000000000000000000000000000000000003000000000000000000000000798d1be841a82a273720ce31c822c61a67a601c30000000000000000000000002260fac5e5542a773aa44fbcfedf7c193bc2c599000000000000000000000000c02aaa39b223fe8d0a0e5c4f27ead9083c756cc2,8256086,181743,,,1,2021-02-12 01:45:22 UTC,11838934,0x8c2043ce3deb2b9fa57c7ced5150a3ef26772f7cb901fed73edd930a122134e6
0x1e4e3fa7fd118d82ad6c732f459f18e342f03782510abb473f860458dc3a935b,86,112,0x04681e71bf2dee58370ce25c15e18fc5799b064a,0x7a250d5630b4cf539739df2c5dacb4c659f2488d,1000000000000000000,149385,148000000000,0x7ff36ab500000000000000000000000000000000000000000000002f35f6465718ff0c8f000000000000000000000000000000000000000000000000000000000000008000000000000000000000000004681e71bf2dee58370ce25c15e18fc5799b064a000000000000000000000000000000000000000000000000000000006025e23f0000000000000000000000000000000000000000000000000000000000000002000000000000000000000000c02aaa39b223fe8d0a0e5c4f27ead9083c756cc2000000000000000000000000196c81385bc536467433014042788eb707703934,8366544,110458,,,1,2021-02-12 01:45:22 UTC,11838934,0x8c2043ce3deb2b9fa57c7ced5150a3ef26772f7cb901fed73edd930a122134e6
0x25930b40d9c36770609211d250e092191068b62df84aa6eef83f3eb0f14a70f9,5,113,0x48db64d9b9538f5decd1149f3dd3764db5b57147,0x7b0c06043468469967dba22d1af33d77d44056c8,0,48750,148000000000,0x095ea7b30000000000000000000000007a250d5630b4cf539739df2c5dacb4c659f2488dffffffffffffffffffffffffffffffffffffffffffffffffffffffffffffffff,8410863,44319,,,1,2021-02-12 01:45:22 UTC,11838934,0x8c2043ce3deb2b9fa57c7ced5150a3ef26772f7cb901fed73edd930a122134e6
0x695bbbb3c278c892f15a510b922da27f3acc221fa85a3ae87ecbdc37a00105de,17,114,0x6e51817aa02674fe6ba1a790e23aa720c4843804,0x7a250d5630b4cf539739df2c5dacb4c659f2488d,20000000000000000,148083,148000000000,0x7ff36ab500000000000000000000000000000000000000000000000100436b70f9cabfb500000000000000000000000000000000000000000000000000000000000000800000000000000000000000006e51817aa02674fe6ba1a790e23aa720c4843804000000000000000000000000000000000000000000000000000000006025e2120000000000000000000000000000000000000000000000000000000000000002000000000000000000000000c02aaa39b223fe8d0a0e5c4f27ead9083c756cc2000000000000000000000000c944e90c64b2c07662a292be6244bdf05cda44a7,8520154,109291,,,1,2021-02-12 01:45:22 UTC,11838934,0x8c2043ce3deb2b9fa57c7ced5150a3ef26772f7cb901fed73edd930a122134e6
0x30eee0e14c9b471cf8907fcc5ad6abe27e020421b6069ead70ff477ea14d8a7f,14967,115,0x01bc30feb0246310fa48c032714e3143898caacc,0xd221641cb6cc05671b2c7d7bc2707d8c0441b655,15000000000000000,60000,148000000000,0x,8541154,21000,,,1,2021-02-12 01:45:22 UTC,11838934,0x8c2043ce3deb2b9fa57c7ced5150a3ef26772f7cb901fed73edd930a122134e6
0x99e3f7b43f95737915cac5230f271883dd0dc95e204c27148dd8ed21565093eb,1353,116,0xfb5b52c408e556440e30670fb1e52e1a3959a987,0x1177fa095099c5a186a90be53c064051750c2260,15000000000000000,60000,148000000000,0x,8562154,21000,,,1,2021-02-12 01:45:22 UTC,11838934,0x8c2043ce3deb2b9fa57c7ced5150a3ef26772f7cb901fed73edd930a122134e6
0x37da94e9ba7613b60f758e75436bcae026d280618c25ec3b01403b08afbdf76f,10,117,0xba454eab9f00e6ca98e182b7db6c2cb6cd5abafb,0x794d28ac31bcb136294761a556b68d2634094153,1092034124000000000,21000,148000000000,0x,8583154,21000,,,1,2021-02-12 01:45:22 UTC,11838934,0x8c2043ce3deb2b9fa57c7ced5150a3ef26772f7cb901fed73edd930a122134e6
0xde8ef45434613909b8543382e1e9a16ad5ba0d6dd6ca67099efb019038dd11ca,20916,118,0xa4938e606edfe350d08813a0785ed85d4640d365,0xa342389dee6a58f8ccd2c90db0acf571f7af2d7c,15000000000000000,60000,148000000000,0x,8604154,21000,,,1,2021-02-12 01:45:22 UTC,11838934,0x8c2043ce3deb2b9fa57c7ced5150a3ef26772f7cb901fed73edd930a122134e6
0x10196fd3bba1a89bdfde62d7fc309dd495cff078f11bcad8b54b88ded13d8c65,980,119,0x835ea3c6281291b205bc6ad6fefc420990f062fb,0x45080a6531d671ddff20db42f93792a489685e32,0,48593,148000000000,0x095ea7b30000000000000000000000007a250d5630b4cf539739df2c5dacb4c659f2488dffffffffffffffffffffffffffffffffffffffffffffffffffffffffffffffff,8648330,44176,,,1,2021-02-12 01:45:22 UTC,11838934,0x8c2043ce3deb2b9fa57c7ced5150a3ef26772f7cb901fed73edd930a122134e6
0x86395b02ddacfeab057d08beeb0bf09116778448449c67c53ca5ca3123a52fc1,13,120,0x55514e311c9c2756461fb631ab563fd3d5df217f,0xee122a54cf85189f2c0a4307cf8462e57b66c9f3,38324256388772517,21000,148000000000,0x,8669330,21000,,,1,2021-02-12 01:45:22 UTC,11838934,0x8c2043ce3deb2b9fa57c7ced5150a3ef26772f7cb901fed73edd930a122134e6
0x22600907df9efb638c6a0bebab7da8e92cf2d7b80b78b3089e25263ae9a7a550,194,121,0x3bd63a239298f3714f5266955262fb687dc4675e,0x7a250d5630b4cf539739df2c5dacb4c659f2488d,2000000000000000000,172617,148000000000,0x7ff36ab50000000000000000000000000000000000000000000001853d89fd36a2428cd800000000000000000000000000000000000000000000000000000000000000800000000000000000000000003bd63a239298f3714f5266955262fb687dc4675e000000000000000000000000000000000000000000000000000000006025e2120000000000000000000000000000000000000000000000000000000000000002000000000000000000000000c02aaa39b223fe8d0a0e5c4f27ead9083c756cc20000000000000000000000008a40c222996f9f3431f63bf80244c36822060f12,8800578,131248,,,1,2021-02-12 01:45:22 UTC,11838934,0x8c2043ce3deb2b9fa57c7ced5150a3ef26772f7cb901fed73edd930a122134e6
0xfc9d6455f36c3ce14d51f1de2548df7575171ab61e9390a4e607a443cd5903d3,1485,122,0xc6386e2855562a60c8ccdd2033885e9633232f8e,0x1f9840a85d5af5bf1d1762f925bdaddc4201f984,0,60000,148000000000,0xa9059cbb00000000000000000000000039ffd92803009953217f5c372b38d1b7eab17639000000000000000000000000000000000000000000000005726f9ac925d14000,8856084,55506,,,1,2021-02-12 01:45:22 UTC,11838934,0x8c2043ce3deb2b9fa57c7ced5150a3ef26772f7cb901fed73edd930a122134e6
0x262e9f96b563991add9f1de9b33c36d44b7319168d80594df0383567c9a65f3a,176,123,0x95332f466158ed547a562c520c222299402df6bd,0xdac17f958d2ee523a2206206994597c13d831ec7,0,200000,148000000000,0xa9059cbb0000000000000000000000003fef41e37135f1e64db794c4bf3909500d675b2f000000000000000000000000000000000000000000000000000000030cd22300,8897293,41209,,,1,2021-02-12 01:45:22 UTC,11838934,0x8c2043ce3deb2b9fa57c7ced5150a3ef26772f7cb901fed73edd930a122134e6
0xac31624235d89eed27bf2e49e6459e541a563c0ff482a579b7dc41140b3dfe51,12370,124,0x5f64d9c81f5a30f4b29301401f96138792dc5f58,0x514910771af9ca656af840dff83e8264ecf986ca,0,90000,148000000000,0xa9059cbb000000000000000000000000eee28d484628d41a82d01e21d12e2e78d69920da00000000000000000000000000000000000000000000016d5b9245c03d2e0000,8918894,21601,,,1,2021-02-12 01:45:22 UTC,11838934,0x8c2043ce3deb2b9fa57c7ced5150a3ef26772f7cb901fed73edd930a122134e6
0xd77b4c24a797548cbcb76cfdecb2110dbd894379c184c0059e72f48872b52c9a,40,125,0x904661e318f909a1852bb927e9dee7f9d15dd659,0x1920d646574e097c2c487f69f40814f95d45bf8c,0,1164933,147600000000,0x1990ecff00000000000000000000000000000000000000000000000000000000000013be,9683797,764903,,,1,2021-02-12 01:45:22 UTC,11838934,0x8c2043ce3deb2b9fa57c7ced5150a3ef26772f7cb901fed73edd930a122134e6
0x9faa532b00c03eb8d32ffeb9dcb3b2d42ef374f22db70ce9433f3d34ed85dbf5,5,126,0xe06cf59deed71616cc32d248c9144b22eb3232e3,0xa1d8d972560c2f8144af871db508f0b0b10a3fbf,100330750000000000,21000,147600000000,0x,9704797,21000,,,1,2021-02-12 01:45:22 UTC,11838934,0x8c2043ce3deb2b9fa57c7ced5150a3ef26772f7cb901fed73edd930a122134e6
0x7fecc82de6b7a1cda99e7b78cee9f3ccdb7efb9af6b542e64c2d11df6210db64,1,127,0x005f76e54b7696beea13b6f196de1268811fdf1b,0xdac17f958d2ee523a2206206994597c13d831ec7,0,55000,147600000000,0xa9059cbb000000000000000000000000e9e3ab23ff140591301c414099acfb62f3dd87510000000000000000000000000000000000000000000000000000000008e21be9,9731006,26209,,,1,2021-02-12 01:45:22 UTC,11838934,0x8c2043ce3deb2b9fa57c7ced5150a3ef26772f7cb901fed73edd930a122134e6
0x01e3bdbcd412679fb2d12a9ad1b2cec8242b57d1ef19471532cffac2fdf2b654,0,128,0xf233cb7b06748becadf34b2f38e904e9cc431513,0x912fd21d7a69678227fe6d08c64222db41477ba0,404791700000000000,21000,147600000000,0x,9752006,21000,,,1,2021-02-12 01:45:22 UTC,11838934,0x8c2043ce3deb2b9fa57c7ced5150a3ef26772f7cb901fed73edd930a122134e6
0xbb51f9ad285280e7d8e1f6d21e48984f6b9587f141c25aa9f9a3cc9b37a6ab24,239,129,0x4d2a4d98af103d97524051dc7b12257cb795037d,0x7a250d5630b4cf539739df2c5dacb4c659f2488d,0,146798,147600000000,0x4a25d94a0000000000000000000000000000000000000000000000000de0b6b3a76400000000000000000000000000000000000000000000000003c2b43e4817c07c848c00000000000000000000000000000000000000000000000000000000000000a00000000000000000000000004d2a4d98af103d97524051dc7b12257cb795037d000000000000000000000000000000000000000000000000000000006025e23f0000000000000000000000000000000000000000000000000000000000000002000000000000000000000000f0939011a9bb95c3b791f0cb546377ed2693a574000000000000000000000000c02aaa39b223fe8d0a0e5c4f27ead9083c756cc2,9872193,120187,,,1,2021-02-12 01:45:22 UTC,11838934,0x8c2043ce3deb2b9fa57c7ced5150a3ef26772f7cb901fed73edd930a122134e6
0xb2cf5685e8188360c400c3dfce5543bd3db8e1b5d8884b3a884b258c7b1924a9,7280,130,0xa56fb88749ce87d35ef742c3a58ae40da2acdf8c,0x80ccef5e1a364d6562a4a4a9d3415ca2e021c77c,0,350000,147600000000,0xa5d754d1000000000000000000000000f0939011a9bb95c3b791f0cb546377ed2693a57400000000000000000000000040f0e70a7d565985b967bcdb0ba5801994fc2e800000000000000000000000000000000000000000000033d08bc8c3ea94dd8cc8,9963371,91178,,,1,2021-02-12 01:45:22 UTC,11838934,0x8c2043ce3deb2b9fa57c7ced5150a3ef26772f7cb901fed73edd930a122134e6
0xa6a8d069c7ce998d3eb9c838f188ef797369f410af6a6b4b99b156eae9f6a9d6,0,131,0x095bc6016278c722d4fca1e626bb4764f9b8c357,0xa1d8d972560c2f8144af871db508f0b0b10a3fbf,52960766931968446,21000,147600000000,0x,9984371,21000,,,1,2021-02-12 01:45:22 UTC,11838934,0x8c2043ce3deb2b9fa57c7ced5150a3ef26772f7cb901fed73edd930a122134e6
0x95cba650194989cba1290eff503a99fbf7b13a0405ce9bcd15614111eba378e8,1,132,0x119eb8a062d88df491775678c06e589fed08e335,0xa1d8d972560c2f8144af871db508f0b0b10a3fbf,4496900400000000000,21000,147600000000,0x,10005371,21000,,,1,2021-02-12 01:45:22 UTC,11838934,0x8c2043ce3deb2b9fa57c7ced5150a3ef26772f7cb901fed73edd930a122134e6
0xc3040b0e4e9c38529fc9584fd7b5623cd0dd91bb3cb4f43a542cbc96d88f1c5d,230,133,0xc01e5bddd5fe614f5f8adab93f345b87b0c0ffe5,0x7a250d5630b4cf539739df2c5dacb4c659f2488d,0,184978,147600000000,0x8803dbee00000000000000000000000000000000000000000000006c6b935b8bbd40000000000000000000000000000000000000000000000000000000000000cbc9a7b500000000000000000000000000000000000000000000000000000000000000a00000000000000000000000003cb35120e21537042ddb2793dd3c8a5d37aff67f000000000000000000000000000000000000000000000000000000006025de070000000000000000000000000000000000000000000000000000000000000003000000000000000000000000dac17f958d2ee523a2206206994597c13d831ec7000000000000000000000000c02aaa39b223fe8d0a0e5c4f27ead9083c756cc20000000000000000000000006fc13eace26590b80cccab1ba5d51890577d83b2,10175285,169914,,,1,2021-02-12 01:45:22 UTC,11838934,0x8c2043ce3deb2b9fa57c7ced5150a3ef26772f7cb901fed73edd930a122134e6
0x44071643c0143476811df5daebeb6ccdb68a21e4ce21306e51a446cb3ba64fde,528,134,0x17ecb34dc61278db593bffae754ac75d08ef3e8f,0xc944e90c64b2c07662a292be6244bdf05cda44a7,0,104231,147600000000,0xa9059cbb000000000000000000000000a1d8d972560c2f8144af871db508f0b0b10a3fbf000000000000000000000000000000000000000000000e79270a84c6ae700000,10196439,21154,,,1,2021-02-12 01:45:22 UTC,11838934,0x8c2043ce3deb2b9fa57c7ced5150a3ef26772f7cb901fed73edd930a122134e6
0xfe0dd99dd871888252a717857a0c978f62f8a01272b36bf16c6bdf3524a41a9d,9896,135,0x2279a895e33240108b1d42e8a9f5f3f47f4ead8a,0x7a250d5630b4cf539739df2c5dacb4c659f2488d,0,193205,147600000000,0x38ed17390000000000000000000000000000000000000000000000be842ab76260b08000000000000000000000000000000000000000000000000000000000011689c0ea00000000000000000000000000000000000000000000000000000000000000a00000000000000000000000002279a895e33240108b1d42e8a9f5f3f47f4ead8a000000000000000000000000000000000000000000000000000000006025de5d00000000000000000000000000000000000000000000000000000000000000030000000000000000000000002edf094db69d6dcd487f1b3db9febe2eec0dd4c5000000000000000000000000c02aaa39b223fe8d0a0e5c4f27ead9083c756cc2000000000000000000000000dac17f958d2ee523a2206206994597c13d831ec7,10346912,150473,,,1,2021-02-12 01:45:22 UTC,11838934,0x8c2043ce3deb2b9fa57c7ced5150a3ef26772f7cb901fed73edd930a122134e6
0x34c3d32a7aebe7dde65387d640e715d614eabc36e56dc5ad1a5070d1bf637b42,3,136,0x7a9fc9bcf861129b7f52276784af527d78b6fbed,0xdac17f958d2ee523a2206206994597c13d831ec7,0,111813,147600000000,0xa9059cbb000000000000000000000000a1d8d972560c2f8144af871db508f0b0b10a3fbf000000000000000000000000000000000000000000000000000000004d8d6ed5,10373121,26209,,,1,2021-02-12 01:45:22 UTC,11838934,0x8c2043ce3deb2b9fa57c7ced5150a3ef26772f7cb901fed73edd930a122134e6
0x1361843f3761aa545b4ca7d12e689ce5f16f4081474db5db3a1da1f43ad49249,1076,137,0xa67c1d162fa606f24d1213d9277dd35fde7957ed,0x7a250d5630b4cf539739df2c5dacb4c659f2488d,1000000000000000000,165140,147600000000,0x7ff36ab500000000000000000000000000000000000000000000003082809514852f32630000000000000000000000000000000000000000000000000000000000000080000000000000000000000000a67c1d162fa606f24d1213d9277dd35fde7957ed000000000000000000000000000000000000000000000000000000006025e2120000000000000000000000000000000000000000000000000000000000000002000000000000000000000000c02aaa39b223fe8d0a0e5c4f27ead9083c756cc20000000000000000000000006fc13eace26590b80cccab1ba5d51890577d83b2,10485662,112541,,,1,2021-02-12 01:45:22 UTC,11838934,0x8c2043ce3deb2b9fa57c7ced5150a3ef26772f7cb901fed73edd930a122134e6
0x8a37a510c94d4be115e26e850259c57b875948f903f38696bd6571b0d9eb210b,92,138,0x2e305265b59c6acef45878f9fe87f8ca56798b75,0x7a250d5630b4cf539739df2c5dacb4c659f2488d,200000000000000000,165814,147600000000,0x7ff36ab500000000000000000000000000000000000000000000000000000000768dffa900000000000000000000000000000000000000000000000000000000000000800000000000000000000000002e305265b59c6acef45878f9fe87f8ca56798b75000000000000000000000000000000000000000000000000000000006025e2120000000000000000000000000000000000000000000000000000000000000002000000000000000000000000c02aaa39b223fe8d0a0e5c4f27ead9083c756cc2000000000000000000000000595832f8fc6bf59c85c527fec3740a1b7a361269,10610821,125159,,,1,2021-02-12 01:45:22 UTC,11838934,0x8c2043ce3deb2b9fa57c7ced5150a3ef26772f7cb901fed73edd930a122134e6
0xb4b70d9d47014a1f9b9ff7c060cdade39eef8a652cdeab8c33e0815989790c8f,1,139,0x802104d30c38c8b57d548d89fa87ee3d2e03a9f1,0xdac17f958d2ee523a2206206994597c13d831ec7,0,111813,147600000000,0xa9059cbb000000000000000000000000a1d8d972560c2f8144af871db508f0b0b10a3fbf0000000000000000000000000000000000000000000000000000000004055ba0,10637030,26209,,,1,2021-02-12 01:45:22 UTC,11838934,0x8c2043ce3deb2b9fa57c7ced5150a3ef26772f7cb901fed73edd930a122134e6
0x3d0f2c81554c3fa92df848ae314b195e1559b49443af7118b3a140f3a0b49d2c,52,140,0x9cc79078b54ad1fa87afacf9ceb5eaa5b8061414,0x7a250d5630b4cf539739df2c5dacb4c659f2488d,1700000000000000000,152640,147600000000,0x7ff36ab500000000000000000000000000000000000000000000087f5f97a673f8e861c000000000000000000000000000000000000000000000000000000000000000800000000000000000000000009cc79078b54ad1fa87afacf9ceb5eaa5b8061414000000000000000000000000000000000000000000000000000000006025e23f0000000000000000000000000000000000000000000000000000000000000002000000000000000000000000c02aaa39b223fe8d0a0e5c4f27ead9083c756cc2000000000000000000000000054d64b73d3d8a21af3d764efd76bcaa774f3bb2,10750401,113371,,,1,2021-02-12 01:45:22 UTC,11838934,0x8c2043ce3deb2b9fa57c7ced5150a3ef26772f7cb901fed73edd930a122134e6
0xd5a0ce3f0b6af131929a8f2a84e290a37d32731853713af318f2d821b5df1c83,1461,141,0x8dfaa096e2366aab9dc5cfc0c10ce1e84474a71a,0x3ac655b147b6e2d2ced40126f6c5956e5467a92b,0,55559,147600000000,0xa9059cbb0000000000000000000000003f84f45a1e5236efea792443ce3c00844e81cb0400000000000000000000000000000000000000000000010f0cf064dd59200000,10805960,55559,,,1,2021-02-12 01:45:22 UTC,11838934,0x8c2043ce3deb2b9fa57c7ced5150a3ef26772f7cb901fed73edd930a122134e6
0x3e90dcf5466127c33d75c2e4b1c7d7fbd3f72635eec71fcc0c7aab813492fbab,3,142,0xc2a396b3b6411032d839f92bb2ee3676e75ac74b,0xdac17f958d2ee523a2206206994597c13d831ec7,0,111813,147600000000,0xa9059cbb000000000000000000000000a1d8d972560c2f8144af871db508f0b0b10a3fbf00000000000000000000000000000000000000000000000000000001a1193b53,10832181,26221,,,1,2021-02-12 01:45:22 UTC,11838934,0x8c2043ce3deb2b9fa57c7ced5150a3ef26772f7cb901fed73edd930a122134e6
0x66f13421a568e85304338cbc1e2b0a08822a2a4c40579761ccd82f7f32b615ea,31,143,0xad513be4475f3fbf8f42fe3e9d83e97803760004,0x7a250d5630b4cf539739df2c5dacb4c659f2488d,1012915235288322301,173239,147600000000,0xfb3bdb4100000000000000000000000000000000000000000000005c283d4103941000000000000000000000000000000000000000000000000000000000000000000080000000000000000000000000ad513be4475f3fbf8f42fe3e9d83e97803760004000000000000000000000000000000000000000000000000000000006025e24f0000000000000000000000000000000000000000000000000000000000000002000000000000000000000000c02aaa39b223fe8d0a0e5c4f27ead9083c756cc2000000000000000000000000bea98c05eeae2f3bc8c3565db7551eb738c8ccab,10964387,132206,,,1,2021-02-12 01:45:22 UTC,11838934,0x8c2043ce3deb2b9fa57c7ced5150a3ef26772f7cb901fed73edd930a122134e6
0x80d6fdfe00f76e79cad12f283e52923c81be2e8b4fd25fb22ca53c7251284ab0,16,144,0xbcd5eb62c3d08926c315484139175d7c4fad5918,0x7a250d5630b4cf539739df2c5dacb4c659f2488d,3000000000000000000,157777,147600000000,0x7ff36ab50000000000000000000000000000000000000000000000591a6f9a363d3449850000000000000000000000000000000000000000000000000000000000000080000000000000000000000000bcd5eb62c3d08926c315484139175d7c4fad5918000000000000000000000000000000000000000000000000000000006025e23f0000000000000000000000000000000000000000000000000000000000000002000000000000000000000000c02aaa39b223fe8d0a0e5c4f27ead9083c756cc200000000000000000000000095a4492f028aa1fd432ea71146b433e7b4446611,11082355,117968,,,1,2021-02-12 01:45:22 UTC,11838934,0x8c2043ce3deb2b9fa57c7ced5150a3ef26772f7cb901fed73edd930a122134e6
0x1a1dab4d17e3ff473635393d4470a4fae5438b111dee4709b01ee327e688ec77,365,145,0xdc202256603766c9a2e6ec0439521a6f8232f4da,0x7a250d5630b4cf539739df2c5dacb4c659f2488d,0,168263,147600000000,0x18cbafe5000000000000000000000000000000000000000000000003e4591aac49763fd200000000000000000000000000000000000000000000000000ef1f4e2c84047e00000000000000000000000000000000000000000000000000000000000000a0000000000000000000000000dc202256603766c9a2e6ec0439521a6f8232f4da000000000000000000000000000000000000000000000000000000006025e24f0000000000000000000000000000000000000000000000000000000000000002000000000000000000000000f9fbaefde7112f78fa9bfe813341f0f49f888cb3000000000000000000000000c02aaa39b223fe8d0a0e5c4f27ead9083c756cc2,11195040,112685,,,1,2021-02-12 01:45:22 UTC,11838934,0x8c2043ce3deb2b9fa57c7ced5150a3ef26772f7cb901fed73edd930a122134e6
0xc2cda8ecf3d2ab1dc678b143ca14535bf5d935d87f28a3653a4cf2bfd3cfbc6a,0,146,0xad5aba18597cb35b1516f566d339f6bc49c4fc4d,0xa1d8d972560c2f8144af871db508f0b0b10a3fbf,292500400000000000,21000,147600000000,0x,11216040,21000,,,1,2021-02-12 01:45:22 UTC,11838934,0x8c2043ce3deb2b9fa57c7ced5150a3ef26772f7cb901fed73edd930a122134e6
0x715da9b48f75cb09a336a57774e5646a821d8c6c1e403020c219eee3cf7d5cf6,51,147,0xd2a8dd8f9f4371b636bfe8dd036772957a5d425c,0x6880f6fd960d1581c2730a451a22eed1081cfd72,0,250000,147600000000,0xf9609f08000000000000000000000000d2a8dd8f9f4371b636bfe8dd036772957a5d425c0000000000000000000000000000000000000000000000000000000000000000,11298882,82842,,,1,2021-02-12 01:45:22 UTC,11838934,0x8c2043ce3deb2b9fa57c7ced5150a3ef26772f7cb901fed73edd930a122134e6
0x9ac3bec8cfdc07324329bde36ab3e6dcd36ec6c6b0f21cf7e624e357a21d18f3,61,148,0xdb3bd7cc5fc0020e6c4ab4a40d61cdae17e6f8a4,0x7a250d5630b4cf539739df2c5dacb4c659f2488d,1000000000000000000,164769,147600000000,0x7ff36ab5000000000000000000000000000000000000000000000000701df5a56f2a5af40000000000000000000000000000000000000000000000000000000000000080000000000000000000000000db3bd7cc5fc0020e6c4ab4a40d61cdae17e6f8a4000000000000000000000000000000000000000000000000000000006025e2250000000000000000000000000000000000000000000000000000000000000002000000000000000000000000c02aaa39b223fe8d0a0e5c4f27ead9083c756cc200000000000000000000000040fd72257597aa14c7231a7b1aaa29fce868f677,11423106,124224,,,1,2021-02-12 01:45:22 UTC,11838934,0x8c2043ce3deb2b9fa57c7ced5150a3ef26772f7cb901fed73edd930a122134e6
0xb21363d29a3135bc6bb68544e0ae8ebd5553d5b42c2382e0eeffa554cf18d692,198,149,0xc714040a89c2955377a61a927fd2cf124f507444,0x7a250d5630b4cf539739df2c5dacb4c659f2488d,0,199771,147600000000,0x38ed173900000000000000000000000000000000000000000000000ad78ebc5ac6200000000000000000000000000000000000000000000000000000000000083f579fb700000000000000000000000000000000000000000000000000000000000000a0000000000000000000000000c714040a89c2955377a61a927fd2cf124f507444000000000000000000000000000000000000000000000000000000006025e212000000000000000000000000000000000000000000000000000000000000000300000000000000000000000009a3ecafa817268f77be1283176b946c4ff2e608000000000000000000000000c02aaa39b223fe8d0a0e5c4f27ead9083c756cc2000000000000000000000000ae1eaae3f627aaca434127644371b67b18444051,11594455,171349,,,1,2021-02-12 01:45:22 UTC,11838934,0x8c2043ce3deb2b9fa57c7ced5150a3ef26772f7cb901fed73edd930a122134e6
0xb8a5b943ec83c493d9ca1d97f26b9176a92af9bf6f431197b5f4888057c254ff,0,150,0x14b163efca52e9c527e1d600a6a171d2afbed8b7,0xa0b86991c6218b36c1d19d4a2e9eb0ce3606eb48,0,113933,147600000000,0xa9059cbb000000000000000000000000a1d8d972560c2f8144af871db508f0b0b10a3fbf00000000000000000000000000000000000000000000000000000000117969f2,11621836,27381,,,1,2021-02-12 01:45:22 UTC,11838934,0x8c2043ce3deb2b9fa57c7ced5150a3ef26772f7cb901fed73edd930a122134e6
0xf8dc7b36aef9c3137dd66f6bd1a5fb2b7977d29349d927fa44951b3ebb8c45f6,29,151,0x9613784d5dde681e110d4b009d353ba31e737fe9,0x7a250d5630b4cf539739df2c5dacb4c659f2488d,2000000000000000000,134413,147600000000,0x7ff36ab5000000000000000000000000000000000000000000000676ab7e638b969f207d00000000000000000000000000000000000000000000000000000000000000800000000000000000000000009613784d5dde681e110d4b009d353ba31e737fe9000000000000000000000000000000000000000000000000000000006025e24f0000000000000000000000000000000000000000000000000000000000000002000000000000000000000000c02aaa39b223fe8d0a0e5c4f27ead9083c756cc2000000000000000000000000f0939011a9bb95c3b791f0cb546377ed2693a574,11718894,97058,,,1,2021-02-12 01:45:22 UTC,11838934,0x8c2043ce3deb2b9fa57c7ced5150a3ef26772f7cb901fed73edd930a122134e6
0x525155609464400c45029cf9af8cc5d4fb817a1cde0f480e145eb959d9d256d0,6,152,0x29b603ec145bcc9ce935604cca8b16be413c5559,0x7a250d5630b4cf539739df2c5dacb4c659f2488d,80000000000000000,141015,147600000000,0x7ff36ab5000000000000000000000000000000000000000000000002614c868b4b72a070000000000000000000000000000000000000000000000000000000000000008000000000000000000000000029b603ec145bcc9ce935604cca8b16be413c5559000000000000000000000000000000000000000000000000000000006025e23f0000000000000000000000000000000000000000000000000000000000000002000000000000000000000000c02aaa39b223fe8d0a0e5c4f27ead9083c756cc200000000000000000000000095a4492f028aa1fd432ea71146b433e7b4446611,11747759,28865,,,0,2021-02-12 01:45:22 UTC,11838934,0x8c2043ce3deb2b9fa57c7ced5150a3ef26772f7cb901fed73edd930a122134e6
0x517c85fcebf743a7ed20aae328e2488779bf4685542132a3c2c6ac69e68edf67,24,153,0x03a2b67c8e40d2253da2aeba88da0f437e5f6fec,0xa1d8d972560c2f8144af871db508f0b0b10a3fbf,2004956348960051121,21000,147600000000,0x,11768759,21000,,,1,2021-02-12 01:45:22 UTC,11838934,0x8c2043ce3deb2b9fa57c7ced5150a3ef26772f7cb901fed73edd930a122134e6
0x3877e7f56e9ee90b865f6e0f1d5cc2f4a2305d80cf1a0ba30dd3a35dbf1f0072,794,154,0xc75ed86893cacb1c9d7c351116f666030a0a9c0c,0xd9e1ce17f2641f24ae83637ab66a2cca9c378b9f,0,234564,147600000000,0x18cbafe500000000000000000000000000000000000000000000455981135c08fe8df59c000000000000000000000000000000000000000000000000533a503730c1a9b500000000000000000000000000000000000000000000000000000000000000a0000000000000000000000000c75ed86893cacb1c9d7c351116f666030a0a9c0c000000000000000000000000000000000000000000000000000000006025e25d0000000000000000000000000000000000000000000000000000000000000002000000000000000000000000ff20817765cb7f73d4bde2e66e067e58d11095c2000000000000000000000000c02aaa39b223fe8d0a0e5c4f27ead9083c756cc2,11892517,123758,,,1,2021-02-12 01:45:22 UTC,11838934,0x8c2043ce3deb2b9fa57c7ced5150a3ef26772f7cb901fed73edd930a122134e6
0x1addc77e293c87824170e55c7e51a2f50b65f29e0b0d0b824728b91090930c4d,12,155,0x93d28a768974829b5e088c6f395af65d758d0029,0x912fd21d7a69678227fe6d08c64222db41477ba0,1996900400000000000,21000,147600000000,0x,11913517,21000,,,1,2021-02-12 01:45:22 UTC,11838934,0x8c2043ce3deb2b9fa57c7ced5150a3ef26772f7cb901fed73edd930a122134e6
0xe9326a3272511d6380eecb8e7aa193bb617ed56b8f32d91f483c9d630b7cb9f0,37,156,0xbb7694b2511d83f03a9ca51a3a67c5ea27c8b20c,0x4a220e6096b25eadb88358cb44068a3248254675,0,105771,147600000000,0xa9059cbb000000000000000000000000a1d8d972560c2f8144af871db508f0b0b10a3fbf00000000000000000000000000000000000000000000000d352317512f9bbe8a,11935698,22181,,,1,2021-02-12 01:45:22 UTC,11838934,0x8c2043ce3deb2b9fa57c7ced5150a3ef26772f7cb901fed73edd930a122134e6
0x7c5e073ac98e7257b60fc741a21a022117531244002f595627fb97e90ed9c92c,7,157,0x69035ced96f4acbbb5aca6cc84fc11f332bea5ea,0x912fd21d7a69678227fe6d08c64222db41477ba0,581750400000000000,21000,147600000000,0x,11956698,21000,,,1,2021-02-12 01:45:22 UTC,11838934,0x8c2043ce3deb2b9fa57c7ced5150a3ef26772f7cb901fed73edd930a122134e6
0x175ec3f3b34b8e70ab9a55d5197b9586a1e07a2a7d73ca874051023ea2f528dd,2,158,0x00c91a9e0ef97dcd38f7d208bef105936459dc5d,0xa1d8d972560c2f8144af871db508f0b0b10a3fbf,2519548775500000000,21000,147600000000,0x,11977698,21000,,,1,2021-02-12 01:45:22 UTC,11838934,0x8c2043ce3deb2b9fa57c7ced5150a3ef26772f7cb901fed73edd930a122134e6
0x09b8fc0deb96a27ddd9f20d8ca5d76931dc2fa5be97191ab04ce12239b0d6525,148,159,0x9535e17bb3d38c7e73c1645095be8d2c44c19388,0x7a250d5630b4cf539739df2c5dacb4c659f2488d,0,167952,147600000000,0x18cbafe500000000000000000000000000000000000000000000002fa927eace2243c96f00000000000000000000000000000000000000000000000006f485dc5580a61400000000000000000000000000000000000000000000000000000000000000a00000000000000000000000009535e17bb3d38c7e73c1645095be8d2c44c19388000000000000000000000000000000000000000000000000000000006025e24f0000000000000000000000000000000000000000000000000000000000000002000000000000000000000000bea98c05eeae2f3bc8c3565db7551eb738c8ccab000000000000000000000000c02aaa39b223fe8d0a0e5c4f27ead9083c756cc2,12078084,100386,,,1,2021-02-12 01:45:22 UTC,11838934,0x8c2043ce3deb2b9fa57c7ced5150a3ef26772f7cb901fed73edd930a122134e6
0x34c37e42e240bebfff531193a49fd71a7c148e48fad99ac206cdf026ecdeb5e3,407,160,0x55b5d473e68dc083de5e253a1d473212bc91f936,0x7a250d5630b4cf539739df2c5dacb4c659f2488d,0,136385,147600000000,0x8803dbee0000000000000000000000000000000000000000000001b1ae4d6e2ef5000000000000000000000000000000000000000000000000000000072ed89ca369f86900000000000000000000000000000000000000000000000000000000000000a000000000000000000000000055b5d473e68dc083de5e253a1d473212bc91f936000000000000000000000000000000000000000000000000000000006025e24f0000000000000000000000000000000000000000000000000000000000000002000000000000000000000000c02aaa39b223fe8d0a0e5c4f27ead9083c756cc2000000000000000000000000f0939011a9bb95c3b791f0cb546377ed2693a574,12107098,29014,,,0,2021-02-12 01:45:22 UTC,11838934,0x8c2043ce3deb2b9fa57c7ced5150a3ef26772f7cb901fed73edd930a122134e6
0xd044428e58e55a128bef71befd6dc773951ac53e3e4a31fc3f2647b85cde90c2,0,161,0xd888e325d3e856ba240b67600f9de77af81175cd,0xa1d8d972560c2f8144af871db508f0b0b10a3fbf,1346920400000000000,21000,147600000000,0x,12128098,21000,,,1,2021-02-12 01:45:22 UTC,11838934,0x8c2043ce3deb2b9fa57c7ced5150a3ef26772f7cb901fed73edd930a122134e6
0xecfe4a8f3b15f680f1643929b3be0c6eb3ce51f3ef8a3f3da61b745a4e7dfa1f,26,162,0x5d857f81eef65202fe483a3c87fd97295296ca88,0x60f80121c31a0d46b5279700f9df786054aa5ee5,0,293952,147600000000,0x672a9400000000000000000000000000000000000000000000000000000000000001ee8d000000000000000000000000000000000000000000000000000000000000001cfe7c63825cb065fde93c797b341368c188061bc9cd10dac271904d229574cba917d122b728c19d23b2c871f6aad61147bfd3f26b021f1d7e4ca0a7e28fef9b4f00000000000000000000000000000000000000000000000000000000000000c0000000000000000000000000000000000000000000000000000000000000012000000000000000000000000000000000000000000000000000000000000000010000000000000000000000005d857f81eef65202fe483a3c87fd97295296ca8800000000000000000000000000000000000000000000000000000000000003e800000000000000000000000000000000000000000000000000000000000000342f697066732f516d5a6d71434561746b42674835385a64437a5639526d6d376d70783335504d7564666247746e386142744d7061000000000000000000000000,12422050,293952,,,1,2021-02-12 01:45:22 UTC,11838934,0x8c2043ce3deb2b9fa57c7ced5150a3ef26772f7cb901fed73edd930a122134e6
0xc776f4deca4d404faa0d55ef188eb849a2c2c11aeced483b7957b12efee1ce10,7,163,0xc368c27fa998550bc38eb6075fdabfb9e91458f2,0xd26114cd6ee289accf82350c8d8487fedb8a0c07,0,44829,147000000000,0xa9059cbb0000000000000000000000004f6742badb049791cd9a37ea913f2bac38d012790000000000000000000000000000000000000000000000048de614f4b0c87800,12444408,22358,,,1,2021-02-12 01:45:22 UTC,11838934,0x8c2043ce3deb2b9fa57c7ced5150a3ef26772f7cb901fed73edd930a122134e6
0xdbf7631a373ecbb2321abff3af27d07240644ab4728a9f0343a2fe71d4a1814c,2,164,0x68455a4b20802add9491684fe73a403cda09f3eb,0xefb881cc4ee662f3a2124a6560be5280ed7fca33,1037668389635674217,21000,146000000000,0x,12465408,21000,,,1,2021-02-12 01:45:22 UTC,11838934,0x8c2043ce3deb2b9fa57c7ced5150a3ef26772f7cb901fed73edd930a122134e6
0x21514cc8f7ba6f73de6b608100575c31f7eebd6746c00399379f9f21599613b7,12,165,0x07792a57f125feb30e81382c8779cbdff8f4a6f2,0x4b2e14a9b0c7376de0f0d6a59a7bc9d5fb0c1733,20000000000000000,21000,130000000000,0x,12486408,21000,,,1,2021-02-12 01:45:22 UTC,11838934,0x8c2043ce3deb2b9fa57c7ced5150a3ef26772f7cb901fed73edd930a122134e6
