,block num,num of trx,num of bits in bloom filter,num of bits in bloom filter before
1,11838934,166,,441.0
2,11838935,296,,725.0
3,11838936,224,,570.0
4,11838937,218,,557.0
5,11838938,208,,544.0
6,11838939,152,,418.0
7,11838940,299,,721.0
8,11838941,158,,432.0
9,11838942,251,,639.0
10,11838943,178,,478.0
11,11838944,177,,468.0
12,11838945,106,,300.0
13,11838946,157,,403.0
14,11838948,139,,382.0
15,11838949,219,,567.0
16,11838950,230,,575.0
17,11838951,181,,488.0
18,11838952,202,,527.0
19,11838953,219,,553.0
20,11838954,191,,495.0
21,11838955,138,,373.0
22,11838956,202,,527.0
23,11838957,203,,529.0
24,11838958,276,,696.0
25,11838959,355,,827.0
26,11838960,164,,432.0
27,11838961,216,,549.0
28,11838962,161,,421.0
29,11838963,55,,156.0
30,11838964,302,,721.0
31,11838965,208,,547.0
32,11838966,188,,489.0
33,11838967,109,,306.0
34,11838968,197,,506.0
35,11838969,137,,364.0
36,11838970,411,,922.0
37,11838971,228,,580.0
38,11838972,193,,514.0
39,11838973,172,,459.0
40,11838974,271,,688.0
41,11838975,174,,459.0
42,11838976,165,,437.0
43,11838977,250,,628.0
44,11838978,151,,414.0
45,11838979,134,,365.0
46,11838980,135,,370.0
47,11838981,237,,600.0
48,11838982,183,,487.0
49,11838983,174,,466.0
50,11838984,120,,327.0
51,11838985,97,,262.0
52,11838986,174,,457.0
53,11838987,244,,616.0
54,11838988,266,,659.0
55,11838989,264,,655.0
56,11838990,281,,692.0
57,11838991,182,,480.0
58,11838992,257,,647.0
59,11838993,287,,689.0
60,11838994,193,,504.0
61,11838995,164,,442.0
62,11838996,172,,452.0
63,11838997,217,,571.0
64,11838998,152,,409.0
65,11838999,174,,468.0
66,11839000,175,,470.0
67,11839001,128,,343.0
68,11839002,285,,707.0
69,11839003,294,,728.0
70,11839004,144,,386.0
71,11839005,184,,490.0
72,11839006,311,,752.0
73,11839007,261,,642.0
74,11839008,315,,759.0
75,11839009,169,,450.0
76,11839010,207,,536.0
77,11839011,181,,477.0
78,11839012,265,,653.0
79,11839013,77,,216.0
80,11839013,114,,314.0
81,11839014,301,,719.0
82,11839015,267,,679.0
83,11839016,155,,413.0
84,11839017,132,,357.0
85,11839018,124,,339.0
86,11839019,271,,672.0
87,11839020,223,,571.0
88,11839021,247,,636.0
89,11839022,175,,459.0
90,11839023,166,,434.0
91,11839024,151,,408.0
92,11839025,273,,678.0
93,11839026,179,,467.0
94,11839027,115,,317.0
95,11839028,302,,735.0
96,11839029,176,,454.0
97,11839030,207,,543.0
98,11839031,163,,430.0
99,11839032,275,,685.0
100,11839033,223,,557.0
101,11839034,236,,603.0
102,11839176,124,,342.0
103,11839169,310,,752.0
104,11839197,178,,468.0
105,11839162,235,,586.0
106,11839191,276,,659.0
107,11839205,118,,318.0
108,11839175,276,,691.0
109,11839189,125,,342.0
110,11839170,130,,362.0
111,11839182,120,,340.0
112,11839200,167,,443.0
113,11839181,208,,538.0
114,11839168,200,,530.0
115,11839201,200,,532.0
116,11839147,214,,559.0
117,11839199,192,,504.0
118,11839173,157,,412.0
119,11839154,222,,583.0
120,11839167,94,,258.0
121,11839149,246,,628.0
122,11839206,412,,917.0
123,11839171,112,,315.0
124,11839166,170,,457.0
125,11839183,214,,552.0
126,11839209,202,,530.0
127,11839155,223,,567.0
128,11839165,180,,481.0
129,11839207,243,,617.0
130,11839212,196,,516.0
131,11839211,246,,616.0
132,11839152,144,,397.0
133,11839213,197,,516.0
134,11839202,220,,573.0
135,11839210,85,,236.0
136,11839198,293,,727.0
137,11839157,219,,556.0
138,11839204,182,,490.0
139,11839172,272,,685.0
140,11839150,156,,420.0
141,11839178,117,,322.0
142,11839164,146,,377.0
143,11839156,146,,394.0
144,11839186,236,,583.0
145,11839161,261,,648.0
146,11839160,204,,519.0
147,11839187,131,,356.0
148,11839194,128,,352.0
149,11839193,214,,554.0
150,11839177,136,,374.0
151,11839146,381,,866.0
152,11839184,145,,393.0
153,11839190,278,,689.0
154,11839151,331,,791.0
155,11839195,277,,672.0
156,11839185,148,,397.0
157,11839158,238,,621.0
158,11839179,271,,682.0
159,11839180,195,,511.0
160,11839192,188,,498.0
161,11839196,145,,397.0
162,11839174,224,,583.0
163,11839208,250,,631.0
164,11839163,197,,522.0
165,11839145,232,,599.0
166,11839188,132,,371.0
167,11839148,175,,473.0
168,11839203,162,,435.0
169,11839159,304,,717.0
170,11838984,120,,327.0
171,11838999,174,,468.0
172,11838992,257,,647.0
173,11838959,355,,827.0
174,11838960,164,,432.0
175,11838943,178,,478.0
176,11838977,250,,628.0
177,11838980,135,,370.0
178,11838969,137,,364.0
179,11838983,174,,466.0
180,11838994,193,,504.0
181,11838958,276,,696.0
182,11838996,172,,452.0
183,11839002,285,,707.0
184,11838940,299,,721.0
185,11838970,411,,922.0
186,11838937,218,,557.0
187,11838991,182,,480.0
188,11838950,230,,575.0
189,11838978,151,,414.0
190,11839003,294,,728.0
191,11838935,296,,725.0
192,11838988,266,,659.0
193,11838948,139,,382.0
194,11838946,157,,403.0
195,11838962,161,,421.0
196,11838972,193,,514.0
197,11838979,134,,365.0
198,11838997,217,,571.0
199,11838956,202,,527.0
200,11838952,202,,527.0
201,11838985,97,,262.0
202,11838993,287,,689.0
203,11838957,203,,529.0
204,11838967,109,,306.0
205,11838989,264,,655.0
206,11838942,251,,639.0
207,11838974,271,,688.0
208,11838968,197,,506.0
209,11838954,191,,495.0
210,11838963,55,,156.0
211,11838964,302,,721.0
212,11838990,281,,692.0
213,11838998,152,,409.0
214,11838939,152,,418.0
215,11838944,177,,468.0
216,11838995,164,,442.0
217,11838941,158,,432.0
218,11839000,175,,470.0
219,11838966,188,,489.0
220,11838976,165,,437.0
221,11838965,208,,547.0
222,11838987,244,,616.0
223,11838936,224,,570.0
224,11838975,174,,459.0
225,11838971,228,,580.0
226,11839001,128,,343.0
227,11838953,219,,553.0
228,11838945,106,,300.0
229,11838981,237,,600.0
230,11838938,208,,544.0
231,11838982,183,,487.0
232,11838961,216,,549.0
233,11838973,172,,459.0
234,11838986,174,,457.0
235,11838951,181,,488.0
236,11838955,138,,373.0
237,11838949,219,,567.0
238,11839070,208,,535.0
239,11839050,481,,1041.0
240,11839067,231,,577.0
241,11839022,175,,459.0
242,11839023,166,,434.0
243,11839041,263,,659.0
244,11839035,247,,610.0
245,11839028,302,,735.0
246,11839048,144,,393.0
247,11839066,245,,619.0
248,11839037,134,,371.0
249,11839061,309,,751.0
250,11839060,219,,567.0
251,11839015,267,,679.0
252,11839039,156,,425.0
253,11839030,207,,543.0
254,11839024,151,,408.0
255,11839045,164,,451.0
256,11839034,236,,603.0
257,11839012,265,,653.0
258,11839063,258,,640.0
259,11839013,114,,314.0
260,11839064,407,,931.0
261,11839009,169,,450.0
262,11839055,223,,575.0
263,11839065,254,,648.0
264,11839006,311,,752.0
265,11839046,267,,670.0
266,11839062,226,,572.0
267,11839049,179,,461.0
268,11839020,223,,571.0
269,11839047,128,,348.0
270,11839043,140,,383.0
271,11839056,131,,360.0
272,11839026,179,,467.0
273,11839019,271,,672.0
274,11839038,125,,341.0
275,11839042,188,,489.0
276,11839032,275,,685.0
277,11839069,225,,588.0
278,11839072,202,,529.0
279,11839029,176,,454.0
280,11839008,315,,759.0
281,11839010,207,,536.0
282,11839054,228,,590.0
283,11839011,181,,477.0
284,11839031,163,,430.0
285,11839014,301,,719.0
286,11839044,227,,575.0
287,11839073,237,,598.0
288,11839005,184,,490.0
289,11839071,195,,493.0
290,11839021,247,,636.0
291,11839068,201,,531.0
292,11839058,105,,290.0
293,11839057,244,,607.0
294,11839016,155,,413.0
295,11839018,124,,339.0
296,11839053,167,,436.0
297,11839036,182,,471.0
298,11839040,138,,366.0
299,11839052,186,,498.0
300,11839033,223,,557.0
301,11839027,115,,317.0
302,11839051,236,,601.0
303,11839017,132,,357.0
304,11839007,261,,642.0
305,11839025,273,,678.0
306,11839059,148,,396.0
307,11839080,279,,688.0
308,11839137,157,,414.0
309,11839094,75,,208.0
310,11839075,216,,553.0
311,11839135,347,,832.0
312,11839132,177,,475.0
313,11839085,186,,493.0
314,11839092,177,,473.0
315,11839116,335,,805.0
316,11839112,214,,562.0
317,11839099,268,,660.0
318,11839078,160,,436.0
319,11839098,154,,407.0
320,11839091,95,,265.0
321,11839103,270,,657.0
322,11839136,295,,734.0
323,11839131,234,,591.0
324,11839129,143,,384.0
325,11839108,255,,624.0
326,11839124,252,,624.0
327,11839123,152,,406.0
328,11839082,248,,615.0
329,11839141,301,,727.0
330,11839128,190,,503.0
331,11839134,114,,309.0
332,11839122,205,,528.0
333,11839105,206,,527.0
334,11839114,210,,546.0
335,11839119,286,,714.0
336,11839079,306,,736.0
337,11839138,325,,786.0
338,11839101,150,,403.0
339,11839088,205,,530.0
340,11839106,164,,435.0
341,11839127,242,,628.0
342,11839107,287,,696.0
343,11839089,139,,381.0
344,11839093,145,,392.0
345,11839087,211,,550.0
346,11839097,223,,566.0
347,11839133,208,,532.0
348,11839096,153,,416.0
349,11839125,314,,749.0
350,11839117,266,,663.0
351,11839076,215,,558.0
352,11839086,166,,443.0
353,11839120,170,,453.0
354,11839095,247,,624.0
355,11839111,124,,337.0
356,11839118,157,,427.0
357,11839139,178,,471.0
358,11839104,213,,547.0
359,11839143,233,,598.0
360,11839121,140,,382.0
361,11839130,247,,636.0
362,11839110,191,,501.0
363,11839140,180,,463.0
364,11839084,273,,681.0
365,11839142,307,,739.0
366,11839090,252,,624.0
367,11839077,160,,445.0
368,11839109,210,,538.0
369,11839100,194,,510.0
370,11839115,80,,230.0
371,11839126,243,,611.0
372,11839083,187,,493.0
373,11839081,271,,680.0
374,11839102,268,,670.0
375,11839113,204,,523.0
376,11839216,257,,661.0
377,11839237,160,,426.0
378,11839260,307,,748.0
379,11839256,99,,276.0
380,11839238,141,,383.0
381,11839261,307,,731.0
382,11839272,180,,473.0
383,11839278,223,,555.0
384,11839223,207,,546.0
385,11839220,368,,845.0
386,11839225,208,,539.0
387,11839274,255,,641.0
388,11839231,161,,421.0
389,11839266,166,,436.0
390,11839254,201,,536.0
391,11839219,211,,531.0
392,11839250,261,,648.0
393,11839283,192,,518.0
394,11839224,220,,567.0
395,11839217,157,,414.0
396,11839275,258,,662.0
397,11839259,150,,402.0
398,11839244,235,,596.0
399,11839267,204,,528.0
400,11839264,340,,804.0
401,11839218,182,,477.0
402,11839239,148,,401.0
403,11839243,267,,662.0
404,11839262,232,,585.0
405,11839271,316,,770.0
406,11839257,141,,392.0
407,11839265,162,,433.0
408,11839280,308,,748.0
409,11839281,225,,580.0
410,11839248,180,,482.0
411,11839227,330,,789.0
412,11839229,254,,623.0
413,11839247,194,,501.0
414,11839269,287,,701.0
415,11839255,247,,613.0
416,11839270,183,,476.0
417,11839215,183,,481.0
418,11839235,156,,423.0
419,11839221,589,,1187.0
420,11839228,174,,456.0
421,11839258,316,,760.0
422,11839233,245,,598.0
423,11839234,231,,583.0
424,11839251,189,,500.0
425,11839268,259,,638.0
426,11839232,324,,765.0
427,11839226,177,,479.0
428,11839246,136,,374.0
429,11839241,143,,389.0
430,11839249,174,,449.0
431,11839240,256,,629.0
432,11839252,172,,465.0
433,11839282,266,,668.0
434,11839242,138,,379.0
435,11839222,381,,900.0
436,11839279,183,,475.0
437,11839236,248,,639.0
438,11839230,200,,513.0
439,11839253,157,,416.0
440,11839245,178,,463.0
441,11839273,137,,378.0
442,11839276,138,,378.0
443,11839263,184,,483.0
444,11839277,291,,695.0
445,11839318,175,,463.0
446,11839335,247,,635.0
447,11839350,228,,590.0
448,11839342,232,,596.0
449,11839345,239,,607.0
450,11839291,189,,511.0
451,11839328,124,,331.0
452,11839316,192,,511.0
453,11839303,251,,623.0
454,11839289,226,,574.0
455,11839338,205,,543.0
456,11839333,304,,737.0
457,11839297,161,,430.0
458,11839344,241,,595.0
459,11839327,181,,482.0
460,11839319,331,,781.0
461,11839302,153,,418.0
462,11839298,144,,400.0
463,11839295,315,,738.0
464,11839331,122,,336.0
465,11839349,251,,631.0
466,11839290,138,,373.0
467,11839307,265,,668.0
468,11839325,269,,672.0
469,11839294,185,,483.0
470,11839304,167,,448.0
471,11839306,166,,455.0
472,11839352,232,,586.0
473,11839300,213,,550.0
474,11839312,285,,691.0
475,11839334,281,,697.0
476,11839299,195,,510.0
477,11839347,178,,474.0
478,11839315,230,,574.0
479,11839353,168,,453.0
480,11839351,249,,642.0
481,11839341,233,,594.0
482,11839330,180,,475.0
483,11839320,235,,591.0
484,11839311,247,,622.0
485,11839310,220,,558.0
486,11839292,128,,355.0
487,11839322,209,,536.0
488,11839313,184,,478.0
489,11839301,141,,383.0
490,11839287,345,,811.0
491,11839314,236,,575.0
492,11839293,272,,677.0
493,11839329,172,,441.0
494,11839336,243,,624.0
495,11839324,200,,523.0
496,11839326,238,,598.0
497,11839340,245,,622.0
498,11839285,251,,628.0
499,11839323,218,,552.0
500,11839337,363,,842.0
501,11839308,217,,560.0
502,11839332,127,,351.0
503,11839296,246,,630.0
504,11839346,147,,399.0
505,11839343,215,,555.0
506,11839321,203,,529.0
507,11839309,214,,557.0
508,11839317,404,,914.0
509,11839288,276,,693.0
510,11839339,235,,604.0
511,11839348,177,,477.0
512,11839385,512,,1070.0
513,11839356,196,,508.0
514,11839372,187,,495.0
515,11839357,138,,370.0
516,11839413,158,,422.0
517,11839419,211,,536.0
518,11839398,153,,409.0
519,11839395,188,,479.0
520,11839376,113,,313.0
521,11839363,167,,438.0
522,11839360,147,,396.0
523,11839364,160,,435.0
524,11839418,154,,421.0
525,11839361,191,,506.0
526,11839407,149,,401.0
527,11839409,125,,345.0
528,11839366,231,,575.0
529,11839396,320,,755.0
530,11839416,218,,569.0
531,11839401,127,,351.0
532,11839367,266,,663.0
533,11839355,297,,723.0
534,11839388,95,,270.0
535,11839380,175,,463.0
536,11839391,197,,492.0
537,11839390,143,,386.0
538,11839412,194,,515.0
539,11839399,203,,542.0
540,11839397,256,,645.0
541,11839394,209,,550.0
542,11839375,104,,292.0
543,11839403,231,,580.0
544,11839406,240,,601.0
545,11839368,121,,330.0
546,11839389,169,,448.0
547,11839417,214,,542.0
548,11839384,157,,412.0
549,11839410,212,,540.0
550,11839371,147,,388.0
551,11839369,294,,727.0
552,11839359,152,,416.0
553,11839374,186,,476.0
554,11839370,216,,553.0
555,11839392,176,,460.0
556,11839387,168,,443.0
557,11839405,148,,392.0
558,11839421,297,,720.0
559,11839377,140,,378.0
560,11839393,205,,545.0
561,11839383,231,,584.0
562,11839404,111,,311.0
563,11839420,414,,916.0
564,11839408,165,,436.0
565,11839386,404,,911.0
566,11839415,235,,582.0
567,11839362,283,,682.0
568,11839378,282,,670.0
569,11839373,269,,644.0
570,11839365,251,,629.0
571,11839411,265,,654.0
572,11839422,148,,406.0
573,11839402,198,,514.0
574,11839423,245,,620.0
575,11839358,189,,501.0
576,11839400,157,,429.0
577,11839382,144,,393.0
578,11839381,141,,383.0
579,11839414,189,,494.0
580,11839497,245,,616.0
581,11839540,232,,581.0
582,11839518,187,,492.0
583,11839515,181,,480.0
584,11839551,186,,491.0
585,11839547,204,,533.0
586,11839509,260,,647.0
587,11839557,146,,390.0
588,11839524,186,,495.0
589,11839500,224,,568.0
590,11839530,215,,534.0
591,11839535,202,,519.0
592,11839542,311,,750.0
593,11839543,169,,462.0
594,11839541,155,,418.0
595,11839503,177,,463.0
596,11839523,214,,557.0
597,11839532,261,,654.0
598,11839512,225,,575.0
599,11839555,216,,550.0
600,11839520,179,,466.0
601,11839560,195,,516.0
602,11839562,157,,427.0
603,11839529,153,,413.0
604,11839531,224,,566.0
605,11839548,196,,515.0
606,11839508,114,,322.0
607,11839519,144,,403.0
608,11839514,377,,858.0
609,11839549,172,,458.0
610,11839527,237,,596.0
611,11839502,178,,483.0
612,11839534,210,,546.0
613,11839517,260,,630.0
614,11839536,130,,353.0
615,11839516,234,,600.0
616,11839525,188,,498.0
617,11839553,262,,656.0
618,11839501,207,,530.0
619,11839528,157,,424.0
620,11839498,262,,658.0
621,11839537,219,,553.0
622,11839505,176,,468.0
623,11839538,187,,482.0
624,11839510,229,,583.0
625,11839539,186,,487.0
626,11839511,171,,449.0
627,11839556,188,,483.0
628,11839545,244,,603.0
629,11839506,213,,550.0
630,11839558,146,,395.0
631,11839496,207,,539.0
632,11839561,201,,527.0
633,11839507,203,,530.0
634,11839526,181,,465.0
635,11839559,130,,364.0
636,11839550,106,,296.0
637,11839546,185,,486.0
638,11839495,240,,620.0
639,11839554,173,,439.0
640,11839552,179,,479.0
641,11839521,206,,539.0
642,11839499,152,,409.0
643,11839504,194,,510.0
644,11839563,187,,500.0
645,11839513,176,,456.0
646,11839544,312,,757.0
647,11839580,529,,1102.0
648,11839586,236,,595.0
649,11839608,124,,342.0
650,11839623,149,,396.0
651,11839581,248,,614.0
652,11839588,191,,502.0
653,11839557,146,,390.0
654,11839592,214,,559.0
655,11839591,153,,412.0
656,11839569,225,,593.0
657,11839622,232,,579.0
658,11839606,178,,473.0
659,11839582,163,,431.0
660,11839577,160,,428.0
661,11839583,133,,362.0
662,11839603,177,,471.0
663,11839607,153,,410.0
664,11839605,95,,269.0
665,11839565,202,,528.0
666,11839564,169,,447.0
667,11839595,217,,561.0
668,11839555,216,,550.0
669,11839589,184,,472.0
670,11839609,228,,583.0
671,11839560,195,,516.0
672,11839562,157,,427.0
673,11839579,173,,464.0
674,11839617,182,,476.0
675,11839612,235,,600.0
676,11839618,158,,427.0
677,11839593,109,,314.0
678,11839620,194,,501.0
679,11839601,219,,575.0
680,11839600,323,,774.0
681,11839574,220,,560.0
682,11839575,340,,805.0
683,11839616,134,,374.0
684,11839576,150,,413.0
685,11839573,164,,440.0
686,11839598,215,,562.0
687,11839590,144,,396.0
688,11839610,187,,481.0
689,11839568,179,,473.0
690,11839587,149,,408.0
691,11839556,188,,483.0
692,11839567,163,,439.0
693,11839572,179,,476.0
694,11839613,273,,690.0
695,11839558,146,,395.0
696,11839597,201,,534.0
697,11839602,156,,414.0
698,11839561,201,,527.0
699,11839570,153,,402.0
700,11839571,174,,464.0
701,11839566,202,,526.0
702,11839604,214,,561.0
703,11839559,130,,364.0
704,11839594,284,,698.0
705,11839614,255,,650.0
706,11839585,286,,718.0
707,11839578,171,,463.0
708,11839619,248,,631.0
709,11839596,206,,528.0
710,11839599,388,,902.0
711,11839584,182,,473.0
712,11839563,187,,500.0
713,11839621,223,,563.0
714,11839615,181,,473.0
715,11839679,146,,408.0
716,11839647,192,,502.0
717,11839691,163,,445.0
718,11839661,239,,596.0
719,11839678,244,,611.0
720,11839652,159,,421.0
721,11839690,146,,402.0
722,11839640,164,,445.0
723,11839671,183,,487.0
724,11839628,178,,472.0
725,11839636,160,,430.0
726,11839693,224,,572.0
727,11839656,238,,596.0
728,11839651,255,,651.0
729,11839673,189,,506.0
730,11839646,134,,364.0
731,11839662,230,,577.0
732,11839649,231,,598.0
733,11839633,200,,533.0
734,11839638,200,,519.0
735,11839687,273,,688.0
736,11839686,279,,691.0
737,11839667,106,,301.0
738,11839630,134,,362.0
739,11839635,185,,490.0
740,11839680,165,,443.0
741,11839644,167,,446.0
742,11839674,207,,527.0
743,11839654,177,,459.0
744,11839682,113,,307.0
745,11839670,260,,656.0
746,11839643,182,,463.0
747,11839642,188,,488.0
748,11839677,144,,388.0
749,11839626,176,,474.0
750,11839639,212,,554.0
751,11839685,209,,548.0
752,11839653,221,,569.0
753,11839634,111,,311.0
754,11839637,238,,604.0
755,11839676,153,,414.0
756,11839627,221,,566.0
757,11839668,256,,617.0
758,11839681,204,,529.0
759,11839658,214,,558.0
760,11839665,233,,590.0
761,11839641,182,,478.0
762,11839663,187,,489.0
763,11839688,228,,577.0
764,11839631,182,,472.0
765,11839672,326,,790.0
766,11839683,64,,185.0
767,11839657,212,,540.0
768,11839659,142,,385.0
769,11839625,173,,462.0
770,11839669,172,,460.0
771,11839692,299,,712.0
772,11839675,159,,420.0
773,11839689,281,,692.0
774,11839666,203,,526.0
775,11839645,212,,539.0
776,11839632,178,,482.0
777,11839660,212,,547.0
778,11839648,216,,553.0
779,11839629,165,,441.0
780,11839664,163,,438.0
781,11839650,214,,559.0
782,11839655,155,,401.0
783,11839684,179,,475.0
784,11839762,154,,408.0
785,11839744,118,,321.0
786,11839708,256,,628.0
787,11839703,174,,464.0
788,11839763,338,,797.0
789,11839743,93,,261.0
790,11839705,239,,594.0
791,11839721,198,,517.0
792,11839732,126,,352.0
793,11839754,160,,422.0
794,11839755,256,,650.0
795,11839756,179,,490.0
796,11839726,188,,484.0
797,11839739,122,,345.0
798,11839698,192,,509.0
799,11839706,175,,457.0
800,11839707,219,,575.0
801,11839713,129,,354.0
802,11839728,192,,507.0
803,11839720,256,,652.0
804,11839700,183,,472.0
805,11839735,171,,457.0
806,11839712,187,,475.0
807,11839704,161,,435.0
808,11839717,242,,607.0
809,11839745,189,,498.0
810,11839733,244,,618.0
811,11839747,211,,534.0
812,11839753,154,,413.0
813,11839761,139,,382.0
814,11839750,201,,523.0
815,11839723,234,,581.0
816,11839714,192,,507.0
817,11839711,154,,414.0
818,11839719,156,,417.0
819,11839731,185,,482.0
820,11839749,219,,570.0
821,11839699,236,,605.0
822,11839701,207,,538.0
823,11839709,189,,486.0
824,11839758,263,,666.0
825,11839736,144,,383.0
826,11839729,176,,461.0
827,11839718,210,,547.0
828,11839716,136,,374.0
829,11839725,216,,560.0
830,11839738,229,,583.0
831,11839702,214,,552.0
832,11839742,146,,388.0
833,11839752,184,,486.0
834,11839722,228,,582.0
835,11839697,176,,463.0
836,11839730,227,,577.0
837,11839715,229,,583.0
838,11839760,154,,419.0
839,11839734,181,,478.0
840,11839727,213,,548.0
841,11839696,281,,693.0
842,11839748,183,,497.0
843,11839746,274,,669.0
844,11839710,143,,389.0
845,11839741,115,,317.0
846,11839757,209,,544.0
847,11839724,224,,564.0
848,11839751,196,,514.0
849,11839695,196,,518.0
850,11839737,195,,517.0
851,11839740,183,,474.0
852,11839769,272,,682.0
853,11839775,248,,615.0
854,11839778,130,,353.0
855,11839785,203,,524.0
856,11839790,255,,634.0
857,11839796,158,,410.0
858,11839815,202,,532.0
859,11839812,223,,569.0
860,11839788,202,,530.0
861,11839774,294,,721.0
862,11839806,256,,643.0
863,11839813,185,,482.0
864,11839779,192,,503.0
865,11839783,194,,493.0
866,11839799,302,,752.0
867,11839826,171,,462.0
868,11839782,343,,794.0
869,11839830,240,,604.0
870,11839797,202,,526.0
871,11839781,213,,543.0
872,11839819,170,,453.0
873,11839821,196,,510.0
874,11839765,162,,430.0
875,11839770,160,,422.0
876,11839780,117,,322.0
877,11839808,165,,446.0
878,11839822,237,,608.0
879,11839784,114,,315.0
880,11839802,184,,476.0
881,11839794,201,,510.0
882,11839792,169,,455.0
883,11839800,247,,613.0
884,11839824,230,,585.0
885,11839801,278,,682.0
886,11839805,157,,419.0
887,11839827,226,,585.0
888,11839809,213,,543.0
889,11839771,149,,406.0
890,11839814,254,,650.0
891,11839828,283,,706.0
892,11839789,176,,471.0
893,11839811,163,,451.0
894,11839807,190,,492.0
895,11839798,242,,610.0
896,11839832,177,,472.0
897,11839831,139,,382.0
898,11839804,194,,501.0
899,11839820,214,,544.0
900,11839823,239,,606.0
901,11839766,129,,360.0
902,11839810,184,,493.0
903,11839776,168,,434.0
904,11839803,218,,553.0
905,11839791,243,,624.0
906,11839833,129,,358.0
907,11839817,242,,615.0
908,11839787,309,,736.0
909,11839825,269,,660.0
910,11839768,198,,510.0
911,11839793,103,,281.0
912,11839767,156,,429.0
913,11839773,217,,564.0
914,11839772,250,,619.0
915,11839777,199,,511.0
916,11839786,183,,492.0
917,11839816,156,,421.0
918,11839795,183,,489.0
919,11839857,254,,636.0
920,11839838,238,,602.0
921,11839892,236,,607.0
922,11839900,208,,535.0
923,11839898,226,,576.0
924,11839870,201,,524.0
925,11839871,161,,437.0
926,11839889,179,,469.0
927,11839884,256,,651.0
928,11839893,188,,501.0
929,11839882,179,,466.0
930,11839873,86,,248.0
931,11839874,382,,888.0
932,11839879,247,,617.0
933,11839859,109,,302.0
934,11839845,243,,601.0
935,11839865,120,,327.0
936,11839883,117,,324.0
937,11839897,129,,357.0
938,11839875,493,,1057.0
939,11839901,196,,511.0
940,11839847,152,,400.0
941,11839866,202,,528.0
942,11839888,122,,333.0
943,11839862,168,,440.0
944,11839885,242,,613.0
945,11839848,175,,457.0
946,11839890,172,,448.0
947,11839860,238,,607.0
948,11839842,158,,441.0
949,11839878,136,,378.0
950,11839856,376,,878.0
951,11839855,153,,407.0
952,11839869,120,,325.0
953,11839841,176,,469.0
954,11839877,153,,413.0
955,11839903,118,,324.0
956,11839880,140,,383.0
957,11839886,171,,449.0
958,11839891,114,,316.0
959,11839837,188,,491.0
960,11839836,124,,340.0
961,11839843,221,,550.0
962,11839851,236,,602.0
963,11839876,459,,1023.0
964,11839846,179,,465.0
965,11839894,123,,342.0
966,11839852,121,,328.0
967,11839854,305,,729.0
968,11839861,139,,376.0
969,11839899,231,,594.0
970,11839902,122,,340.0
971,11839895,143,,389.0
972,11839839,283,,694.0
973,11839850,144,,383.0
974,11839849,171,,455.0
975,11839853,148,,396.0
976,11839887,230,,597.0
977,11839840,217,,561.0
978,11839896,137,,376.0
979,11839863,220,,558.0
980,11839881,134,,366.0
981,11839868,140,,372.0
982,11839835,185,,489.0
983,11839867,68,,191.0
984,11839872,240,,596.0
985,11839858,178,,474.0
986,11839844,198,,518.0
987,11839908,191,,501.0
988,11839961,228,,576.0
989,11839941,234,,595.0
990,11839916,163,,429.0
991,11839926,176,,466.0
992,11839910,202,,526.0
993,11839911,193,,497.0
994,11839939,408,,914.0
995,11839946,274,,681.0
996,11839948,355,,813.0
997,11839947,256,,650.0
998,11839931,238,,608.0
999,11839949,273,,681.0
1000,11839924,145,,391.0
1001,11839913,212,,532.0
1002,11839929,199,,518.0
1003,11839952,233,,588.0
1004,11839935,204,,528.0
1005,11839920,127,,345.0
1006,11839971,216,,541.0
1007,11839954,220,,561.0
1008,11839932,236,,613.0
1009,11839957,144,,386.0
1010,11839945,190,,489.0
1011,11839922,201,,528.0
1012,11839930,96,,272.0
1013,11839923,242,,608.0
1014,11839912,178,,460.0
1015,11839964,218,,565.0
1016,11839943,188,,488.0
1017,11839970,173,,461.0
1018,11839969,149,,406.0
1019,11839915,97,,265.0
1020,11839906,232,,594.0
1021,11839928,163,,436.0
1022,11839972,148,,402.0
1023,11839942,154,,413.0
1024,11839936,168,,439.0
1025,11839934,187,,480.0
1026,11839933,112,,303.0
1027,11839951,207,,531.0
1028,11839956,191,,492.0
1029,11839917,262,,665.0
1030,11839968,71,,203.0
1031,11839959,177,,461.0
1032,11839967,153,,416.0
1033,11839907,259,,641.0
1034,11839965,162,,438.0
1035,11839963,249,,635.0
1036,11839940,217,,564.0
1037,11839944,69,,201.0
1038,11839927,241,,606.0
1039,11839938,222,,578.0
1040,11839918,254,,622.0
1041,11839953,80,,229.0
1042,11839955,228,,589.0
1043,11839950,185,,485.0
1044,11839962,271,,690.0
1045,11839914,175,,459.0
1046,11839925,182,,478.0
1047,11839958,151,,393.0
1048,11839905,112,,314.0
1049,11839960,233,,602.0
1050,11839966,205,,530.0
1051,11839973,196,,517.0
1052,11839909,279,,687.0
1053,11839921,84,,239.0
1054,11839919,170,,457.0
1055,11840225,143,,389.0
1056,11840201,146,,397.0
1057,11840199,139,,371.0
1058,11840227,130,,361.0
1059,11840223,87,,246.0
1060,11840252,206,,536.0
1061,11840232,161,,425.0
1062,11840192,293,,731.0
1063,11840204,190,,497.0
1064,11840243,220,,567.0
1065,11840253,108,,301.0
1066,11840250,237,,621.0
1067,11840245,149,,405.0
1068,11840222,141,,381.0
1069,11840248,243,,605.0
1070,11840246,279,,698.0
1071,11840235,173,,455.0
1072,11840211,113,,310.0
1073,11840233,228,,577.0
1074,11840224,241,,608.0
1075,11840217,174,,460.0
1076,11840207,223,,576.0
1077,11840244,130,,362.0
1078,11840198,236,,584.0
1079,11840197,220,,563.0
1080,11840202,165,,437.0
1081,11840239,235,,595.0
1082,11840251,210,,541.0
1083,11840237,191,,504.0
1084,11840216,205,,532.0
1085,11840230,183,,467.0
1086,11840218,157,,419.0
1087,11840200,138,,380.0
1088,11840189,190,,497.0
1089,11840229,249,,617.0
1090,11840234,106,,300.0
1091,11840221,107,,297.0
1092,11840205,273,,687.0
1093,11840247,216,,559.0
1094,11840194,158,,431.0
1095,11840188,178,,477.0
1096,11840240,133,,362.0
1097,11840228,254,,627.0
1098,11840187,120,,326.0
1099,11840249,140,,376.0
1100,11840220,114,,307.0
1101,11840241,323,,765.0
1102,11840214,121,,338.0
1103,11840185,34,,101.0
1104,11840196,178,,471.0
1105,11840226,183,,472.0
1106,11840208,133,,372.0
1107,11840193,221,,552.0
1108,11840210,185,,507.0
1109,11840238,139,,385.0
1110,11840213,199,,513.0
1111,11840209,216,,558.0
1112,11840191,276,,664.0
1113,11840186,168,,444.0
1114,11840236,123,,335.0
1115,11840212,236,,597.0
1116,11840215,141,,390.0
1117,11840195,174,,470.0
1118,11840203,203,,526.0
1119,11840190,230,,588.0
1120,11840242,248,,622.0
1121,11840219,225,,558.0
1122,11840231,149,,418.0
1123,11840206,108,,301.0
1124,11840042,131,,356.0
1125,11840002,197,,526.0
1126,11840025,90,,254.0
1127,11840033,221,,577.0
1128,11839978,251,,628.0
1129,11840003,260,,651.0
1130,11840014,234,,601.0
1131,11840006,135,,371.0
1132,11839992,215,,562.0
1133,11840031,183,,483.0
1134,11839987,144,,388.0
1135,11840029,176,,475.0
1136,11840021,86,,245.0
1137,11840013,209,,544.0
1138,11839982,168,,446.0
1139,11840024,288,,716.0
1140,11839998,157,,412.0
1141,11840023,126,,345.0
1142,11839991,168,,441.0
1143,11840019,194,,504.0
1144,11839979,271,,690.0
1145,11839976,157,,411.0
1146,11839988,178,,473.0
1147,11840012,104,,289.0
1148,11839999,202,,531.0
1149,11839989,189,,507.0
1150,11840007,120,,330.0
1151,11839985,100,,282.0
1152,11839996,171,,453.0
1153,11840028,184,,478.0
1154,11839984,194,,500.0
1155,11840035,172,,456.0
1156,11839975,158,,419.0
1157,11839994,265,,672.0
1158,11840016,205,,521.0
1159,11840009,220,,554.0
1160,11840010,253,,633.0
1161,11839997,190,,491.0
1162,11839995,190,,492.0
1163,11840005,181,,467.0
1164,11839986,142,,380.0
1165,11840011,172,,457.0
1166,11840037,259,,651.0
1167,11839977,215,,544.0
1168,11840040,130,,363.0
1169,11840036,213,,551.0
1170,11840001,246,,623.0
1171,11840039,237,,603.0
1172,11840015,257,,657.0
1173,11840027,226,,565.0
1174,11840022,247,,628.0
1175,11840043,146,,406.0
1176,11840026,45,,131.0
1177,11840038,216,,552.0
1178,11840004,163,,431.0
1179,11839990,290,,717.0
1180,11840018,207,,540.0
1181,11840030,210,,548.0
1182,11840034,229,,585.0
1183,11839993,168,,447.0
1184,11839983,251,,631.0
1185,11840041,81,,236.0
1186,11840020,231,,583.0
1187,11840032,138,,376.0
1188,11839981,364,,828.0
1189,11840000,181,,474.0
1190,11840008,206,,534.0
1191,11840071,114,,313.0
1192,11840104,151,,396.0
1193,11840083,128,,350.0
1194,11840110,120,,335.0
1195,11840079,224,,580.0
1196,11840112,130,,361.0
1197,11840105,159,,419.0
1198,11840109,161,,433.0
1199,11840075,129,,351.0
1200,11840077,201,,504.0
1201,11840082,169,,455.0
1202,11840106,139,,386.0
1203,11840108,241,,601.0
1204,11840088,236,,589.0
1205,11840054,244,,609.0
1206,11840094,129,,350.0
1207,11840067,134,,363.0
1208,11840060,161,,437.0
1209,11840081,198,,513.0
1210,11840050,251,,622.0
1211,11840058,237,,603.0
1212,11840076,185,,484.0
1213,11840099,167,,451.0
1214,11840049,330,,778.0
1215,11840080,188,,505.0
1216,11840087,238,,610.0
1217,11840090,190,,502.0
1218,11840056,173,,445.0
1219,11840101,157,,414.0
1220,11840057,371,,859.0
1221,11840074,151,,408.0
1222,11840091,128,,343.0
1223,11840059,164,,441.0
1224,11840065,140,,382.0
1225,11840095,121,,337.0
1226,11840048,184,,493.0
1227,11840053,233,,593.0
1228,11840078,185,,482.0
1229,11840063,225,,591.0
1230,11840046,231,,582.0
1231,11840113,135,,372.0
1232,11840055,221,,566.0
1233,11840062,214,,557.0
1234,11840092,132,,360.0
1235,11840111,172,,455.0
1236,11840066,189,,499.0
1237,11840068,144,,377.0
1238,11840051,129,,355.0
1239,11840047,202,,527.0
1240,11840069,153,,412.0
1241,11840089,161,,419.0
1242,11840084,95,,270.0
1243,11840086,589,,1161.0
1244,11840103,261,,653.0
1245,11840085,163,,432.0
1246,11840073,244,,600.0
1247,11840097,193,,509.0
1248,11840100,246,,624.0
1249,11840052,148,,396.0
1250,11840064,230,,580.0
1251,11840061,215,,539.0
1252,11840045,210,,555.0
1253,11840098,181,,480.0
1254,11840093,197,,518.0
1255,11840072,127,,344.0
1256,11840107,223,,551.0
1257,11840102,139,,385.0
1258,11840070,271,,668.0
1259,11840148,128,,342.0
1260,11840141,208,,534.0
1261,11840126,181,,497.0
1262,11840167,155,,415.0
1263,11840154,297,,713.0
1264,11840117,183,,489.0
1265,11840115,74,,211.0
1266,11840118,295,,714.0
1267,11840181,332,,786.0
1268,11840137,227,,564.0
1269,11840162,140,,372.0
1270,11840173,188,,496.0
1271,11840170,135,,371.0
1272,11840175,187,,490.0
1273,11840172,170,,446.0
1274,11840165,191,,491.0
1275,11840121,138,,373.0
1276,11840157,348,,820.0
1277,11840179,144,,390.0
1278,11840139,228,,570.0
1279,11840119,174,,472.0
1280,11840142,150,,407.0
1281,11840125,199,,521.0
1282,11840149,225,,569.0
1283,11840180,116,,320.0
1284,11840135,152,,419.0
1285,11840124,210,,530.0
1286,11840140,143,,384.0
1287,11840169,332,,782.0
1288,11840176,308,,745.0
1289,11840177,290,,710.0
1290,11840151,67,,196.0
1291,11840160,223,,560.0
1292,11840183,201,,532.0
1293,11840182,199,,517.0
1294,11840132,231,,573.0
1295,11840147,152,,410.0
1296,11840171,154,,420.0
1297,11840153,214,,534.0
1298,11840116,224,,583.0
1299,11840133,209,,537.0
1300,11840161,162,,441.0
1301,11840131,107,,302.0
1302,11840145,210,,539.0
1303,11840174,138,,373.0
1304,11840166,250,,614.0
1305,11840128,146,,387.0
1306,11840122,390,,905.0
1307,11840120,204,,514.0
1308,11840136,126,,346.0
1309,11840150,254,,640.0
1310,11840143,49,,137.0
1311,11840178,183,,481.0
1312,11840123,222,,576.0
1313,11840168,130,,356.0
1314,11840155,183,,485.0
1315,11840159,177,,479.0
1316,11840129,184,,484.0
1317,11840127,110,,296.0
1318,11840138,145,,395.0
1319,11840134,153,,410.0
1320,11840158,205,,543.0
1321,11840156,158,,427.0
1322,11840144,286,,692.0
1323,11840130,84,,236.0
1324,11840291,185,,487.0
1325,11840321,149,,407.0
1326,11840257,121,,332.0
1327,11840296,104,,284.0
1328,11840322,177,,470.0
1329,11840283,132,,366.0
1330,11840309,186,,486.0
1331,11840269,229,,585.0
1332,11840287,246,,621.0
1333,11840290,180,,485.0
1334,11840260,110,,307.0
1335,11840317,132,,368.0
1336,11840276,95,,270.0
1337,11840285,287,,695.0
1338,11840271,266,,643.0
1339,11840277,66,,184.0
1340,11840313,173,,443.0
1341,11840265,234,,613.0
1342,11840286,218,,557.0
1343,11840297,156,,418.0
1344,11840302,199,,530.0
1345,11840267,202,,519.0
1346,11840284,193,,499.0
1347,11840282,203,,527.0
1348,11840289,192,,491.0
1349,11840263,202,,510.0
1350,11840268,116,,309.0
1351,11840312,244,,629.0
1352,11840278,155,,407.0
1353,11840311,103,,288.0
1354,11840275,196,,499.0
1355,11840306,114,,311.0
1356,11840319,201,,514.0
1357,11840288,232,,587.0
1358,11840258,41,,119.0
1359,11840314,124,,344.0
1360,11840266,40,,113.0
1361,11840316,213,,544.0
1362,11840256,192,,507.0
1363,11840303,172,,454.0
1364,11840255,224,,576.0
1365,11840264,69,,194.0
1366,11840295,142,,387.0
1367,11840323,182,,478.0
1368,11840261,152,,419.0
1369,11840307,201,,520.0
1370,11840300,58,,169.0
1371,11840310,231,,582.0
1372,11840304,166,,453.0
1373,11840293,253,,631.0
1374,11840273,151,,399.0
1375,11840320,190,,495.0
1376,11840280,190,,510.0
1377,11840308,134,,366.0
1378,11840274,171,,463.0
1379,11840294,125,,348.0
1380,11840259,183,,483.0
1381,11840298,209,,536.0
1382,11840318,211,,548.0
1383,11840272,114,,320.0
1384,11840299,63,,189.0
1385,11840292,134,,362.0
1386,11840281,103,,295.0
1387,11840279,131,,354.0
1388,11840262,217,,570.0
1389,11840305,227,,580.0
1390,11840301,177,,464.0
1391,11840315,193,,515.0
1392,11840357,240,,606.0
1393,11840331,270,,677.0
1394,11840332,271,,673.0
1395,11840386,205,,532.0
1396,11840342,164,,425.0
1397,11840358,185,,491.0
1398,11840380,164,,442.0
1399,11840335,217,,559.0
1400,11840340,179,,469.0
1401,11840366,166,,445.0
1402,11840379,193,,509.0
1403,11840365,164,,432.0
1404,11840393,244,,606.0
1405,11840327,190,,502.0
1406,11840349,186,,494.0
1407,11840344,213,,553.0
1408,11840373,102,,287.0
1409,11840374,260,,665.0
1410,11840388,171,,465.0
1411,11840378,210,,549.0
1412,11840343,211,,554.0
1413,11840385,269,,667.0
1414,11840329,186,,492.0
1415,11840339,176,,469.0
1416,11840345,230,,589.0
1417,11840370,231,,586.0
1418,11840381,292,,727.0
1419,11840336,233,,592.0
1420,11840369,232,,591.0
1421,11840390,237,,600.0
1422,11840355,213,,561.0
1423,11840376,196,,509.0
1424,11840363,195,,519.0
1425,11840391,180,,476.0
1426,11840389,184,,493.0
1427,11840368,181,,479.0
1428,11840360,172,,461.0
1429,11840382,169,,441.0
1430,11840367,94,,270.0
1431,11840341,106,,295.0
1432,11840338,170,,461.0
1433,11840346,239,,596.0
1434,11840347,168,,446.0
1435,11840334,183,,480.0
1436,11840359,157,,411.0
1437,11840371,192,,494.0
1438,11840325,48,,138.0
1439,11840383,221,,560.0
1440,11840333,223,,569.0
1441,11840354,127,,341.0
1442,11840350,181,,485.0
1443,11840353,168,,455.0
1444,11840387,147,,409.0
1445,11840348,329,,782.0
1446,11840328,189,,494.0
1447,11840362,231,,584.0
1448,11840372,164,,441.0
1449,11840356,195,,517.0
1450,11840364,214,,543.0
1451,11840330,214,,558.0
1452,11840377,216,,560.0
1453,11840351,186,,487.0
1454,11840352,214,,535.0
1455,11840361,219,,567.0
1456,11840337,186,,485.0
1457,11840326,99,,276.0
1458,11840392,225,,587.0
1459,11840454,300,,740.0
1460,11840417,175,,464.0
1461,11840419,222,,577.0
1462,11840440,157,,434.0
1463,11840426,205,,528.0
1464,11840431,232,,598.0
1465,11840463,229,,586.0
1466,11840424,304,,752.0
1467,11840404,182,,489.0
1468,11840397,314,,772.0
1469,11840442,306,,738.0
1470,11840427,169,,451.0
1471,11840443,197,,508.0
1472,11840418,155,,423.0
1473,11840446,246,,609.0
1474,11840416,199,,513.0
1475,11840452,159,,418.0
1476,11840448,215,,563.0
1477,11840449,177,,464.0
1478,11840415,230,,573.0
1479,11840435,92,,261.0
1480,11840450,172,,447.0
1481,11840421,230,,605.0
1482,11840406,156,,408.0
1483,11840396,216,,553.0
1484,11840441,167,,448.0
1485,11840407,143,,389.0
1486,11840462,134,,374.0
1487,11840445,345,,820.0
1488,11840402,178,,473.0
1489,11840428,253,,643.0
1490,11840458,287,,698.0
1491,11840430,190,,493.0
1492,11840438,105,,289.0
1493,11840413,192,,514.0
1494,11840453,220,,558.0
1495,11840451,247,,629.0
1496,11840439,285,,682.0
1497,11840414,227,,582.0
1498,11840411,183,,478.0
1499,11840425,147,,407.0
1500,11840429,143,,389.0
1501,11840410,163,,434.0
1502,11840434,136,,372.0
1503,11840401,487,,1033.0
1504,11840405,199,,513.0
1505,11840400,162,,427.0
1506,11840456,109,,308.0
1507,11840399,176,,466.0
1508,11840457,214,,550.0
1509,11840398,184,,497.0
1510,11840460,208,,536.0
1511,11840412,103,,296.0
1512,11840455,326,,775.0
1513,11840444,155,,415.0
1514,11840422,218,,554.0
1515,11840432,153,,414.0
1516,11840447,184,,469.0
1517,11840423,227,,565.0
1518,11840461,232,,585.0
1519,11840403,201,,529.0
1520,11840437,130,,356.0
1521,11840459,205,,534.0
1522,11840395,175,,455.0
1523,11840408,144,,386.0
1524,11840409,154,,413.0
1525,11840433,127,,353.0
1526,11840436,167,,441.0
1527,11840454,300,,740.0
1528,11840417,175,,464.0
1529,11840419,222,,577.0
1530,11840440,157,,434.0
1531,11840426,205,,528.0
1532,11840431,232,,598.0
1533,11840424,304,,752.0
1534,11840404,182,,489.0
1535,11840397,314,,772.0
1536,11840442,306,,738.0
1537,11840427,169,,451.0
1538,11840443,197,,508.0
1539,11840418,155,,423.0
1540,11840446,246,,609.0
1541,11840416,199,,513.0
1542,11840452,159,,418.0
1543,11840448,215,,563.0
1544,11840449,177,,464.0
1545,11840415,230,,573.0
1546,11840435,92,,261.0
1547,11840450,172,,447.0
1548,11840421,230,,605.0
1549,11840406,156,,408.0
1550,11840396,216,,553.0
1551,11840441,167,,448.0
1552,11840407,143,,389.0
1553,11840445,345,,820.0
1554,11840402,178,,473.0
1555,11840428,253,,643.0
1556,11840458,287,,698.0
1557,11840430,190,,493.0
1558,11840438,105,,289.0
1559,11840413,192,,514.0
1560,11840453,220,,558.0
1561,11840451,247,,629.0
1562,11840439,285,,682.0
1563,11840414,227,,582.0
1564,11840411,183,,478.0
1565,11840425,147,,407.0
1566,11840429,143,,389.0
1567,11840410,163,,434.0
1568,11840434,136,,372.0
1569,11840401,487,,1033.0
1570,11840405,199,,513.0
1571,11840400,162,,427.0
1572,11840456,109,,308.0
1573,11840399,176,,466.0
1574,11840457,214,,550.0
1575,11840398,184,,497.0
1576,11840412,103,,296.0
1577,11840455,326,,775.0
1578,11840444,155,,415.0
1579,11840422,218,,554.0
1580,11840432,153,,414.0
1581,11840447,184,,469.0
1582,11840423,227,,565.0
1583,11840403,201,,529.0
1584,11840437,130,,356.0
1585,11840395,175,,455.0
1586,11840408,144,,386.0
1587,11840409,154,,413.0
1588,11840433,127,,353.0
1589,11840436,167,,441.0
1590,11840516,185,,479.0
1591,11840517,214,,558.0
1592,11840467,303,,723.0
1593,11840523,201,,533.0
1594,11840522,268,,663.0
1595,11840486,144,,396.0
1596,11840497,237,,593.0
1597,11840520,198,,514.0
1598,11840483,165,,435.0
1599,11840485,187,,491.0
1600,11840463,229,,586.0
1601,11840521,180,,468.0
1602,11840493,186,,482.0
1603,11840466,509,,1066.0
1604,11840484,213,,554.0
1605,11840499,195,,512.0
1606,11840498,237,,603.0
1607,11840481,162,,439.0
1608,11840518,457,,1009.0
1609,11840502,237,,603.0
1610,11840469,213,,558.0
1611,11840468,156,,420.0
1612,11840472,177,,470.0
1613,11840503,373,,887.0
1614,11840462,134,,374.0
1615,11840504,484,,1040.0
1616,11840491,235,,614.0
1617,11840492,278,,684.0
1618,11840480,173,,453.0
1619,11840514,194,,496.0
1620,11840512,203,,516.0
1621,11840505,261,,650.0
1622,11840475,170,,444.0
1623,11840500,221,,568.0
1624,11840490,168,,454.0
1625,11840495,114,,311.0
1626,11840515,111,,310.0
1627,11840496,194,,512.0
1628,11840488,382,,869.0
1629,11840464,233,,588.0
1630,11840479,280,,684.0
1631,11840513,199,,505.0
1632,11840471,178,,475.0
1633,11840506,184,,490.0
1634,11840477,183,,487.0
1635,11840474,272,,692.0
1636,11840460,208,,536.0
1637,11840507,239,,605.0
1638,11840501,454,,1002.0
1639,11840465,245,,619.0
1640,11840489,514,,1061.0
1641,11840473,201,,525.0
1642,11840461,232,,585.0
1643,11840476,287,,690.0
1644,11840478,224,,575.0
1645,11840487,252,,641.0
1646,11840510,204,,531.0
1647,11840509,201,,523.0
1648,11840482,341,,807.0
1649,11840470,154,,422.0
1650,11840494,257,,639.0
1651,11840511,290,,719.0
1652,11840508,168,,439.0
1653,11840538,259,,631.0
1654,11840550,422,,939.0
1655,11840535,197,,510.0
1656,11840562,220,,555.0
1657,11840555,247,,623.0
1658,11840588,329,,774.0
1659,11840568,191,,511.0
1660,11840560,167,,450.0
1661,11840544,346,,801.0
1662,11840587,225,,584.0
1663,11840531,158,,428.0
1664,11840537,191,,506.0
1665,11840554,139,,381.0
1666,11840552,279,,677.0
1667,11840532,243,,622.0
1668,11840548,258,,648.0
1669,11840566,215,,545.0
1670,11840556,166,,445.0
1671,11840543,182,,474.0
1672,11840584,236,,602.0
1673,11840574,117,,321.0
1674,11840526,238,,610.0
1675,11840571,200,,528.0
1676,11840559,176,,469.0
1677,11840525,228,,577.0
1678,11840583,254,,637.0
1679,11840539,222,,570.0
1680,11840541,187,,495.0
1681,11840540,187,,495.0
1682,11840558,522,,1119.0
1683,11840563,235,,605.0
1684,11840573,233,,589.0
1685,11840549,190,,492.0
1686,11840530,238,,591.0
1687,11840557,326,,773.0
1688,11840551,372,,875.0
1689,11840575,325,,768.0
1690,11840579,146,,392.0
1691,11840570,266,,643.0
1692,11840529,189,,497.0
1693,11840553,377,,847.0
1694,11840565,181,,476.0
1695,11840561,331,,788.0
1696,11840567,265,,669.0
1697,11840545,240,,610.0
1698,11840582,268,,660.0
1699,11840569,247,,610.0
1700,11840564,213,,559.0
1701,11840578,229,,586.0
1702,11840580,294,,733.0
1703,11840572,192,,515.0
1704,11840534,167,,448.0
1705,11840527,164,,438.0
1706,11840585,382,,870.0
1707,11840586,229,,580.0
1708,11840542,182,,480.0
1709,11840546,178,,462.0
1710,11840577,186,,488.0
1711,11840547,114,,312.0
1712,11840533,291,,715.0
1713,11840576,274,,657.0
1714,11840536,248,,628.0
1715,11840581,252,,632.0
1716,11840528,250,,635.0
1717,11840630,178,,477.0
1718,11840612,177,,468.0
1719,11840591,221,,572.0
1720,11840643,141,,386.0
1721,11840620,212,,539.0
1722,11840600,198,,521.0
1723,11840603,146,,395.0
1724,11840609,191,,498.0
1725,11840594,178,,460.0
1726,11840633,207,,534.0
1727,11840632,232,,601.0
1728,11840642,206,,519.0
1729,11840604,58,,170.0
1730,11840606,283,,710.0
1731,11840645,292,,713.0
1732,11840637,171,,450.0
1733,11840592,239,,607.0
1734,11840597,492,,1058.0
1735,11840596,131,,361.0
1736,11840616,107,,303.0
1737,11840628,289,,699.0
1738,11840619,246,,620.0
1739,11840635,221,,573.0
1740,11840634,244,,611.0
1741,11840622,334,,810.0
1742,11840595,163,,436.0
1743,11840640,144,,387.0
1744,11840623,344,,802.0
1745,11840639,237,,605.0
1746,11840614,271,,673.0
1747,11840624,205,,526.0
1748,11840631,395,,883.0
1749,11840613,574,,1166.0
1750,11840615,81,,234.0
1751,11840593,326,,782.0
1752,11840598,196,,522.0
1753,11840648,248,,613.0
1754,11840608,187,,481.0
1755,11840626,168,,450.0
1756,11840627,220,,581.0
1757,11840651,175,,476.0
1758,11840601,220,,555.0
1759,11840590,173,,465.0
1760,11840599,143,,392.0
1761,11840650,305,,739.0
1762,11840646,213,,558.0
1763,11840629,185,,484.0
1764,11840625,443,,978.0
1765,11840644,405,,932.0
1766,11840649,217,,561.0
1767,11840607,217,,570.0
1768,11840641,230,,587.0
1769,11840618,138,,369.0
1770,11840602,134,,367.0
1771,11840636,250,,637.0
1772,11840647,187,,498.0
1773,11840617,205,,528.0
1774,11840610,196,,518.0
1775,11840653,159,,432.0
1776,11840652,188,,504.0
1777,11840611,29,,83.0
1778,11840638,151,,403.0
1779,11840621,302,,725.0
1780,11840674,259,,644.0
1781,11840688,191,,498.0
1782,11840675,317,,758.0
1783,11840668,304,,738.0
1784,11840663,237,,599.0
1785,11840680,204,,526.0
1786,11840664,488,,1041.0
1787,11840703,218,,561.0
1788,11840713,168,,450.0
1789,11840670,212,,558.0
1790,11840677,236,,593.0
1791,11840699,118,,327.0
1792,11840707,171,,458.0
1793,11840709,198,,508.0
1794,11840690,270,,675.0
1795,11840704,178,,467.0
1796,11840687,172,,465.0
1797,11840672,213,,552.0
1798,11840684,520,,1088.0
1799,11840671,193,,516.0
1800,11840686,201,,525.0
1801,11840660,505,,1067.0
1802,11840682,171,,455.0
1803,11840694,217,,547.0
1804,11840681,176,,472.0
1805,11840717,171,,460.0
1806,11840658,184,,481.0
1807,11840695,216,,559.0
1808,11840712,178,,467.0
1809,11840659,204,,516.0
1810,11840676,513,,1080.0
1811,11840685,215,,558.0
1812,11840691,518,,1080.0
1813,11840678,161,,431.0
1814,11840705,155,,416.0
1815,11840679,208,,529.0
1816,11840683,256,,647.0
1817,11840693,321,,783.0
1818,11840698,188,,489.0
1819,11840666,241,,606.0
1820,11840655,357,,854.0
1821,11840662,357,,828.0
1822,11840711,233,,592.0
1823,11840656,294,,718.0
1824,11840669,176,,466.0
1825,11840696,231,,590.0
1826,11840716,240,,599.0
1827,11840692,227,,569.0
1828,11840665,189,,502.0
1829,11840701,143,,387.0
1830,11840710,144,,386.0
1831,11840708,233,,585.0
1832,11840689,132,,371.0
1833,11840661,179,,468.0
1834,11840700,147,,396.0
1835,11840702,223,,573.0
1836,11840667,164,,436.0
1837,11840673,218,,551.0
1838,11840697,215,,548.0
1839,11840718,210,,535.0
1840,11840715,168,,445.0
1841,11840714,246,,619.0
1842,11840721,319,,759.0
1843,11840737,246,,626.0
1844,11840748,206,,529.0
1845,11840776,204,,519.0
1846,11840753,231,,578.0
1847,11840746,125,,340.0
1848,11840749,234,,586.0
1849,11840777,190,,502.0
1850,11840735,216,,561.0
1851,11840725,288,,722.0
1852,11840723,316,,750.0
1853,11840744,215,,564.0
1854,11840770,196,,519.0
1855,11840780,164,,443.0
1856,11840768,220,,565.0
1857,11840774,130,,359.0
1858,11840761,91,,255.0
1859,11840722,254,,632.0
1860,11840758,255,,636.0
1861,11840773,133,,359.0
1862,11840766,19,,57.0
1863,11840734,183,,471.0
1864,11840765,141,,381.0
1865,11840743,250,,633.0
1866,11840741,243,,612.0
1867,11840738,230,,594.0
1868,11840729,154,,407.0
1869,11840764,186,,495.0
1870,11840769,239,,607.0
1871,11840782,158,,422.0
1872,11840747,297,,720.0
1873,11840730,227,,589.0
1874,11840732,192,,505.0
1875,11840783,158,,421.0
1876,11840733,125,,339.0
1877,11840752,203,,518.0
1878,11840751,193,,504.0
1879,11840745,275,,673.0
1880,11840759,162,,436.0
1881,11840781,210,,546.0
1882,11840754,268,,664.0
1883,11840724,322,,772.0
1884,11840757,189,,489.0
1885,11840775,234,,600.0
1886,11840755,176,,467.0
1887,11840763,164,,442.0
1888,11840772,86,,241.0
1889,11840727,207,,536.0
1890,11840731,287,,706.0
1891,11840756,182,,480.0
1892,11840779,143,,390.0
1893,11840771,190,,491.0
1894,11840760,61,,172.0
1895,11840726,212,,533.0
1896,11840740,254,,657.0
1897,11840742,288,,704.0
1898,11840762,175,,470.0
1899,11840728,145,,396.0
1900,11840750,231,,577.0
1901,11840736,394,,889.0
1902,11840778,131,,361.0
1903,11840720,120,,331.0
1904,11840767,204,,534.0
1905,11840807,140,,382.0
1906,11840825,496,,1071.0
1907,11840827,140,,384.0
1908,11840797,262,,644.0
1909,11840804,210,,551.0
1910,11840826,129,,350.0
1911,11840790,177,,459.0
1912,11840819,249,,610.0
1913,11840824,153,,407.0
1914,11840829,114,,311.0
1915,11840821,202,,522.0
1916,11840812,154,,412.0
1917,11840817,164,,432.0
1918,11840813,140,,374.0
1919,11840838,135,,362.0
1920,11840843,94,,262.0
1921,11840809,120,,330.0
1922,11840794,141,,384.0
1923,11840848,304,,713.0
1924,11840834,241,,610.0
1925,11840823,220,,575.0
1926,11840845,192,,506.0
1927,11840795,170,,453.0
1928,11840796,231,,578.0
1929,11840800,164,,424.0
1930,11840786,220,,565.0
1931,11840814,158,,434.0
1932,11840806,206,,536.0
1933,11840836,166,,449.0
1934,11840835,292,,704.0
1935,11840818,303,,730.0
1936,11840828,165,,426.0
1937,11840842,211,,544.0
1938,11840820,234,,604.0
1939,11840831,243,,603.0
1940,11840791,204,,528.0
1941,11840798,246,,617.0
1942,11840787,187,,490.0
1943,11840803,201,,520.0
1944,11840788,138,,372.0
1945,11840792,139,,386.0
1946,11840840,97,,268.0
1947,11840811,146,,389.0
1948,11840789,211,,545.0
1949,11840833,514,,1077.0
1950,11840832,222,,576.0
1951,11840847,357,,844.0
1952,11840830,77,,214.0
1953,11840822,164,,432.0
1954,11840846,183,,473.0
1955,11840799,182,,477.0
1956,11840801,568,,1176.0
1957,11840844,205,,539.0
1958,11840837,110,,305.0
1959,11840810,138,,368.0
1960,11840841,349,,827.0
1961,11840793,294,,711.0
1962,11840839,192,,502.0
1963,11840816,200,,511.0
1964,11840805,211,,551.0
1965,11840802,180,,476.0
1966,11840785,136,,362.0
1967,11840808,137,,368.0
1968,11840815,204,,530.0
1969,11840896,166,,440.0
1970,11840890,254,,642.0
1971,11840893,150,,403.0
1972,11840887,184,,479.0
1973,11840871,185,,475.0
1974,11840855,227,,581.0
1975,11840903,127,,361.0
1976,11840908,196,,521.0
1977,11840879,177,,461.0
1978,11840878,285,,686.0
1979,11840876,140,,376.0
1980,11840852,207,,531.0
1981,11840874,204,,526.0
1982,11840885,141,,380.0
1983,11840869,251,,634.0
1984,11840870,254,,628.0
1985,11840888,214,,568.0
1986,11840851,199,,514.0
1987,11840904,124,,342.0
1988,11840891,176,,464.0
1989,11840868,228,,578.0
1990,11840866,185,,496.0
1991,11840886,167,,449.0
1992,11840881,324,,768.0
1993,11840895,155,,416.0
1994,11840877,80,,228.0
1995,11840864,130,,358.0
1996,11840862,150,,405.0
1997,11840873,182,,474.0
1998,11840853,261,,654.0
1999,11840882,232,,580.0
2000,11840856,211,,540.0
2001,11840900,261,,642.0
2002,11840867,131,,361.0
2003,11840899,163,,438.0
2004,11840901,219,,562.0
2005,11840906,217,,555.0
2006,11840858,196,,502.0
2007,11840883,289,,712.0
2008,11840894,111,,314.0
2009,11840905,250,,627.0
2010,11840872,124,,329.0
2011,11840889,177,,468.0
2012,11840861,160,,424.0
2013,11840880,136,,366.0
2014,11840854,180,,478.0
2015,11840913,207,,524.0
2016,11840897,153,,413.0
2017,11840907,119,,317.0
2018,11840902,197,,517.0
2019,11840857,201,,531.0
2020,11840898,136,,366.0
2021,11840884,90,,254.0
2022,11840910,178,,460.0
2023,11840860,184,,481.0
2024,11840850,281,,665.0
2025,11840909,171,,456.0
2026,11840863,188,,492.0
2027,11840875,143,,387.0
2028,11840865,71,,205.0
2029,11840859,158,,419.0
2030,11840911,141,,382.0
2031,11840973,161,,430.0
2032,11840968,124,,341.0
2033,11840956,147,,398.0
2034,11840930,194,,513.0
2035,11840926,259,,668.0
2036,11840961,192,,514.0
2037,11840964,155,,414.0
2038,11840965,183,,492.0
2039,11840963,145,,399.0
2040,11840918,263,,659.0
2041,11840944,194,,507.0
2042,11840949,187,,485.0
2043,11840940,208,,530.0
2044,11840919,134,,373.0
2045,11840967,136,,376.0
2046,11840941,211,,559.0
2047,11840943,227,,579.0
2048,11840920,62,,179.0
2049,11840933,204,,534.0
2050,11840934,144,,392.0
2051,11840924,222,,570.0
2052,11840955,170,,448.0
2053,11840970,212,,548.0
2054,11840966,216,,556.0
2055,11840972,131,,359.0
2056,11840915,150,,425.0
2057,11840978,246,,625.0
2058,11840976,138,,379.0
2059,11840977,200,,527.0
2060,11840927,206,,546.0
2061,11840953,228,,573.0
2062,11840946,96,,270.0
2063,11840932,204,,532.0
2064,11840945,136,,381.0
2065,11840958,163,,446.0
2066,11840937,190,,485.0
2067,11840971,220,,564.0
2068,11840948,168,,454.0
2069,11840951,142,,383.0
2070,11840969,203,,517.0
2071,11840960,197,,518.0
2072,11840942,230,,586.0
2073,11840950,167,,443.0
2074,11840916,194,,527.0
2075,11840935,169,,455.0
2076,11840928,270,,689.0
2077,11840974,251,,617.0
2078,11840959,85,,240.0
2079,11840952,168,,433.0
2080,11840957,188,,487.0
2081,11840921,146,,408.0
2082,11840931,179,,478.0
2083,11840923,168,,451.0
2084,11840975,211,,529.0
2085,11840954,148,,405.0
2086,11840939,230,,586.0
2087,11840922,214,,553.0
2088,11840936,224,,578.0
2089,11840938,208,,521.0
2090,11840962,168,,448.0
2091,11840947,235,,595.0
2092,11840925,215,,565.0
2093,11840929,245,,627.0
2094,11841021,221,,568.0
2095,11840992,461,,992.0
2096,11841040,265,,648.0
2097,11840999,205,,532.0
2098,11840987,141,,386.0
2099,11841001,285,,680.0
2100,11841015,242,,619.0
2101,11841009,406,,932.0
2102,11841002,221,,561.0
2103,11841022,189,,497.0
2104,11841013,360,,852.0
2105,11840990,90,,251.0
2106,11841003,184,,491.0
2107,11841016,243,,623.0
2108,11840985,153,,417.0
2109,11841007,338,,794.0
2110,11841011,191,,495.0
2111,11841020,201,,519.0
2112,11840993,166,,445.0
2113,11841006,149,,399.0
2114,11840980,119,,333.0
2115,11841030,225,,586.0
2116,11841041,167,,448.0
2117,11840981,76,,212.0
2118,11840989,145,,390.0
2119,11840997,204,,536.0
2120,11841000,536,,1116.0
2121,11841008,394,,898.0
2122,11841026,222,,571.0
2123,11840988,147,,398.0
2124,11841018,194,,500.0
2125,11840994,250,,636.0
2126,11841025,240,,607.0
2127,11841005,259,,635.0
2128,11840991,472,,1038.0
2129,11841043,321,,786.0
2130,11841019,224,,569.0
2131,11841037,335,,792.0
2132,11841027,244,,612.0
2133,11841012,299,,734.0
2134,11840986,231,,589.0
2135,11841035,201,,544.0
2136,11841039,199,,526.0
2137,11841029,201,,528.0
2138,11841038,284,,667.0
2139,11840984,179,,474.0
2140,11840998,167,,439.0
2141,11841028,150,,401.0
2142,11840996,193,,506.0
2143,11841036,201,,524.0
2144,11840995,218,,556.0
2145,11841033,203,,532.0
2146,11840982,179,,472.0
2147,11841034,195,,513.0
2148,11841017,109,,299.0
2149,11841004,223,,577.0
2150,11841014,288,,706.0
2151,11841024,171,,461.0
2152,11841032,292,,715.0
2153,11841031,183,,488.0
2154,11841042,118,,325.0
2155,11841023,156,,424.0
2156,11841010,267,,664.0
2157,11841046,120,,329.0
2158,11841051,125,,340.0
2159,11841086,182,,476.0
2160,11841087,126,,338.0
2161,11841095,169,,449.0
2162,11841058,164,,441.0
2163,11841088,215,,547.0
2164,11841070,222,,571.0
2165,11841049,190,,504.0
2166,11841092,168,,450.0
2167,11841050,184,,501.0
2168,11841084,193,,507.0
2169,11841056,152,,412.0
2170,11841107,177,,463.0
2171,11841045,213,,554.0
2172,11841103,221,,545.0
2173,11841082,206,,545.0
2174,11841076,195,,493.0
2175,11841064,129,,360.0
2176,11841061,202,,538.0
2177,11841096,178,,467.0
2178,11841065,151,,425.0
2179,11841068,93,,258.0
2180,11841073,228,,590.0
2181,11841099,103,,287.0
2182,11841083,219,,554.0
2183,11841063,114,,314.0
2184,11841052,292,,703.0
2185,11841091,160,,435.0
2186,11841081,277,,671.0
2187,11841077,139,,381.0
2188,11841093,266,,657.0
2189,11841105,194,,513.0
2190,11841071,221,,572.0
2191,11841097,130,,358.0
2192,11841104,157,,419.0
2193,11841075,157,,417.0
2194,11841062,117,,313.0
2195,11841094,213,,561.0
2196,11841059,121,,339.0
2197,11841072,207,,534.0
2198,11841066,115,,324.0
2199,11841053,276,,680.0
2200,11841100,167,,451.0
2201,11841057,245,,586.0
2202,11841080,189,,493.0
2203,11841079,361,,821.0
2204,11841085,184,,490.0
2205,11841078,405,,898.0
2206,11841098,107,,305.0
2207,11841090,183,,484.0
2208,11841047,206,,538.0
2209,11841069,169,,446.0
2210,11841074,216,,554.0
2211,11841048,215,,571.0
2212,11841108,228,,578.0
2213,11841060,183,,484.0
2214,11841102,168,,439.0
2215,11841089,202,,534.0
2216,11841101,197,,518.0
2217,11841106,223,,581.0
2218,11841054,148,,393.0
2219,11841055,200,,514.0
2220,11841067,199,,513.0
2221,11841150,261,,660.0
2222,11841115,346,,825.0
2223,11841162,132,,354.0
2224,11841164,208,,543.0
2225,11841168,235,,605.0
2226,11841113,170,,451.0
2227,11841117,216,,549.0
2228,11841136,178,,476.0
2229,11841135,184,,480.0
2230,11841161,170,,446.0
2231,11841139,251,,642.0
2232,11841165,135,,375.0
2233,11841149,239,,621.0
2234,11841151,170,,455.0
2235,11841158,169,,441.0
2236,11841154,153,,417.0
2237,11841163,184,,468.0
2238,11841131,192,,503.0
2239,11841126,327,,777.0
2240,11841120,190,,493.0
2241,11841122,232,,585.0
2242,11841172,179,,476.0
2243,11841133,242,,611.0
2244,11841167,232,,584.0
2245,11841128,214,,542.0
2246,11841125,229,,574.0
2247,11841157,229,,573.0
2248,11841153,234,,599.0
2249,11841119,181,,487.0
2250,11841160,201,,520.0
2251,11841159,184,,481.0
2252,11841134,244,,618.0
2253,11841170,148,,401.0
2254,11841148,260,,668.0
2255,11841144,127,,358.0
2256,11841140,244,,607.0
2257,11841152,163,,434.0
2258,11841143,317,,747.0
2259,11841156,191,,503.0
2260,11841145,58,,165.0
2261,11841124,146,,393.0
2262,11841130,231,,590.0
2263,11841147,285,,709.0
2264,11841121,110,,300.0
2265,11841132,152,,405.0
2266,11841169,160,,436.0
2267,11841146,248,,624.0
2268,11841166,203,,528.0
2269,11841155,149,,408.0
2270,11841129,253,,637.0
2271,11841116,208,,545.0
2272,11841173,247,,635.0
2273,11841127,281,,702.0
2274,11841111,243,,615.0
2275,11841138,168,,451.0
2276,11841123,149,,404.0
2277,11841137,240,,618.0
2278,11841114,167,,450.0
2279,11841118,231,,588.0
2280,11841110,227,,584.0
2281,11841171,218,,574.0
2282,11841262,188,,503.0
2283,11841259,260,,658.0
2284,11841283,179,,472.0
2285,11841289,96,,265.0
2286,11841273,223,,568.0
2287,11841300,187,,500.0
2288,11841288,175,,471.0
2289,11841263,338,,796.0
2290,11841242,215,,549.0
2291,11841281,169,,450.0
2292,11841257,177,,475.0
2293,11841271,151,,410.0
2294,11841269,253,,611.0
2295,11841264,244,,606.0
2296,11841282,157,,429.0
2297,11841270,181,,477.0
2298,11841247,183,,472.0
2299,11841301,207,,537.0
2300,11841278,173,,457.0
2301,11841243,203,,512.0
2302,11841248,245,,630.0
2303,11841258,195,,511.0
2304,11841295,76,,221.0
2305,11841287,127,,347.0
2306,11841290,238,,617.0
2307,11841267,155,,414.0
2308,11841284,197,,505.0
2309,11841286,153,,417.0
2310,11841294,217,,563.0
2311,11841297,118,,317.0
2312,11841292,213,,554.0
2313,11841240,156,,430.0
2314,11841285,245,,620.0
2315,11841256,209,,538.0
2316,11841274,252,,630.0
2317,11841265,233,,597.0
2318,11841293,206,,527.0
2319,11841266,263,,662.0
2320,11841303,150,,398.0
2321,11841244,231,,594.0
2322,11841296,143,,393.0
2323,11841245,201,,524.0
2324,11841249,223,,568.0
2325,11841253,268,,656.0
2326,11841302,208,,532.0
2327,11841255,186,,480.0
2328,11841254,200,,516.0
2329,11841272,261,,657.0
2330,11841276,263,,649.0
2331,11841268,159,,422.0
2332,11841241,204,,532.0
2333,11841250,209,,538.0
2334,11841260,170,,446.0
2335,11841291,127,,345.0
2336,11841246,154,,408.0
2337,11841261,236,,598.0
2338,11841279,190,,496.0
2339,11841298,189,,484.0
2340,11841251,149,,389.0
2341,11841275,181,,483.0
2342,11841252,144,,370.0
2343,11841277,164,,435.0
2344,11841345,245,,619.0
2345,11841344,233,,594.0
2346,11841319,160,,425.0
2347,11841340,164,,436.0
2348,11841366,114,,316.0
2349,11841351,214,,559.0
2350,11841324,271,,673.0
2351,11841321,244,,608.0
2352,11841329,176,,471.0
2353,11841346,168,,444.0
2354,11841326,246,,614.0
2355,11841365,170,,454.0
2356,11841330,166,,440.0
2357,11841343,158,,422.0
2358,11841335,212,,535.0
2359,11841314,181,,475.0
2360,11841323,178,,459.0
2361,11841355,178,,472.0
2362,11841337,240,,619.0
2363,11841312,161,,442.0
2364,11841305,211,,542.0
2365,11841315,205,,532.0
2366,11841334,169,,442.0
2367,11841339,205,,527.0
2368,11841352,159,,420.0
2369,11841320,100,,274.0
2370,11841350,158,,417.0
2371,11841362,249,,631.0
2372,11841360,353,,827.0
2373,11841363,213,,543.0
2374,11841341,175,,476.0
2375,11841349,145,,383.0
2376,11841306,169,,447.0
2377,11841308,127,,345.0
2378,11841367,252,,632.0
2379,11841325,214,,538.0
2380,11841307,206,,538.0
2381,11841317,72,,201.0
2382,11841332,202,,520.0
2383,11841310,161,,433.0
2384,11841313,182,,479.0
2385,11841311,151,,412.0
2386,11841338,195,,513.0
2387,11841322,172,,479.0
2388,11841347,227,,580.0
2389,11841364,252,,617.0
2390,11841331,197,,512.0
2391,11841318,107,,293.0
2392,11841342,179,,471.0
2393,11841357,208,,539.0
2394,11841327,175,,459.0
2395,11841336,280,,669.0
2396,11841353,191,,514.0
2397,11841356,216,,558.0
2398,11841309,165,,447.0
2399,11841368,100,,279.0
2400,11841328,294,,713.0
2401,11841354,175,,461.0
2402,11841359,164,,441.0
2403,11841361,513,,1064.0
2404,11841348,221,,562.0
2405,11841333,147,,390.0
2406,11841358,132,,356.0
2407,11841417,162,,441.0
2408,11841404,235,,594.0
2409,11841398,172,,450.0
2410,11841384,195,,493.0
2411,11841421,222,,578.0
2412,11841425,107,,294.0
2413,11841380,189,,500.0
2414,11841405,224,,578.0
2415,11841400,211,,550.0
2416,11841389,197,,518.0
2417,11841414,193,,507.0
2418,11841393,170,,445.0
2419,11841370,250,,619.0
2420,11841423,186,,485.0
2421,11841399,151,,411.0
2422,11841374,217,,557.0
2423,11841402,169,,449.0
2424,11841413,113,,318.0
2425,11841395,206,,541.0
2426,11841418,225,,578.0
2427,11841427,150,,404.0
2428,11841409,185,,489.0
2429,11841391,263,,659.0
2430,11841407,166,,434.0
2431,11841378,254,,630.0
2432,11841401,252,,625.0
2433,11841428,231,,591.0
2434,11841392,249,,632.0
2435,11841394,190,,486.0
2436,11841416,153,,417.0
2437,11841422,189,,496.0
2438,11841420,277,,697.0
2439,11841406,191,,496.0
2440,11841396,221,,562.0
2441,11841432,198,,515.0
2442,11841379,261,,650.0
2443,11841376,191,,501.0
2444,11841387,246,,620.0
2445,11841383,211,,551.0
2446,11841403,148,,394.0
2447,11841386,257,,644.0
2448,11841426,152,,403.0
2449,11841429,206,,538.0
2450,11841390,245,,609.0
2451,11841419,177,,472.0
2452,11841424,177,,464.0
2453,11841410,192,,509.0
2454,11841412,213,,548.0
2455,11841415,267,,670.0
2456,11841408,107,,305.0
2457,11841375,249,,621.0
2458,11841371,214,,546.0
2459,11841397,159,,423.0
2460,11841385,353,,833.0
2461,11841411,278,,667.0
2462,11841382,254,,645.0
2463,11841430,217,,568.0
2464,11841381,200,,510.0
2465,11841372,161,,432.0
2466,11841377,140,,383.0
2467,11841388,171,,444.0
2468,11841373,198,,514.0
2469,11841433,218,,561.0
2470,11841441,207,,536.0
2471,11841481,126,,339.0
2472,11841496,202,,521.0
2473,11841465,156,,415.0
2474,11841489,170,,458.0
2475,11841474,190,,499.0
2476,11841470,246,,617.0
2477,11841494,162,,436.0
2478,11841492,192,,505.0
2479,11841461,232,,592.0
2480,11841498,177,,474.0
2481,11841486,214,,550.0
2482,11841444,201,,530.0
2483,11841459,188,,491.0
2484,11841453,131,,355.0
2485,11841488,203,,516.0
2486,11841460,157,,428.0
2487,11841438,157,,423.0
2488,11841435,143,,380.0
2489,11841491,263,,652.0
2490,11841490,216,,566.0
2491,11841455,190,,495.0
2492,11841468,168,,444.0
2493,11841439,231,,572.0
2494,11841480,169,,457.0
2495,11841458,149,,409.0
2496,11841452,223,,572.0
2497,11841457,205,,541.0
2498,11841477,139,,384.0
2499,11841450,192,,513.0
2500,11841436,85,,236.0
2501,11841451,173,,453.0
2502,11841482,173,,451.0
2503,11841479,204,,525.0
2504,11841484,173,,458.0
2505,11841471,169,,440.0
2506,11841473,199,,521.0
2507,11841478,214,,557.0
2508,11841456,211,,554.0
2509,11841483,230,,592.0
2510,11841467,160,,429.0
2511,11841469,229,,579.0
2512,11841437,180,,481.0
2513,11841493,133,,358.0
2514,11841495,133,,364.0
2515,11841476,140,,373.0
2516,11841447,70,,201.0
2517,11841454,183,,480.0
2518,11841462,180,,463.0
2519,11841466,241,,608.0
2520,11841443,171,,457.0
2521,11841485,177,,472.0
2522,11841487,224,,579.0
2523,11841442,74,,219.0
2524,11841449,206,,523.0
2525,11841475,199,,530.0
2526,11841448,159,,423.0
2527,11841472,237,,597.0
2528,11841463,180,,477.0
2529,11841497,118,,318.0
2530,11841446,100,,287.0
2531,11841440,362,,851.0
2532,11841535,278,,690.0
2533,11841556,173,,468.0
2534,11841506,197,,510.0
2535,11841512,134,,363.0
2536,11841562,231,,585.0
2537,11841563,161,,430.0
2538,11841519,216,,569.0
2539,11841546,252,,636.0
2540,11841507,227,,574.0
2541,11841532,152,,404.0
2542,11841561,157,,431.0
2543,11841559,208,,535.0
2544,11841537,202,,520.0
2545,11841522,99,,279.0
2546,11841513,329,,778.0
2547,11841526,264,,652.0
2548,11841545,257,,648.0
2549,11841549,193,,504.0
2550,11841510,179,,469.0
2551,11841521,170,,454.0
2552,11841505,138,,371.0
2553,11841518,180,,468.0
2554,11841542,164,,441.0
2555,11841504,308,,734.0
2556,11841544,255,,633.0
2557,11841500,144,,392.0
2558,11841538,176,,461.0
2559,11841539,142,,388.0
2560,11841524,149,,403.0
2561,11841527,383,,882.0
2562,11841555,185,,485.0
2563,11841502,230,,576.0
2564,11841525,170,,453.0
2565,11841553,210,,537.0
2566,11841517,204,,527.0
2567,11841560,191,,495.0
2568,11841531,432,,986.0
2569,11841547,269,,682.0
2570,11841529,218,,556.0
2571,11841551,203,,535.0
2572,11841511,195,,505.0
2573,11841523,93,,257.0
2574,11841557,164,,432.0
2575,11841503,159,,423.0
2576,11841501,93,,264.0
2577,11841554,181,,472.0
2578,11841509,151,,406.0
2579,11841558,213,,548.0
2580,11841550,232,,586.0
2581,11841520,77,,220.0
2582,11841548,198,,514.0
2583,11841528,212,,548.0
2584,11841508,145,,398.0
2585,11841540,209,,552.0
2586,11841534,121,,331.0
2587,11841533,154,,419.0
2588,11841543,210,,554.0
2589,11841536,218,,568.0
2590,11841530,173,,469.0
2591,11841552,220,,562.0
2592,11841516,193,,502.0
2593,11841515,343,,818.0
2594,11841565,211,,539.0
2595,11841626,174,,468.0
2596,11841621,79,,230.0
2597,11841570,166,,438.0
2598,11841569,150,,414.0
2599,11841590,210,,543.0
2600,11841571,175,,465.0
2601,11841597,166,,438.0
2602,11841618,197,,534.0
2603,11841604,209,,525.0
2604,11841586,190,,503.0
2605,11841589,161,,429.0
2606,11841580,185,,496.0
2607,11841577,179,,473.0
2608,11841603,216,,549.0
2609,11841573,198,,514.0
2610,11841574,152,,409.0
2611,11841602,257,,636.0
2612,11841605,159,,423.0
2613,11841606,189,,502.0
2614,11841619,178,,465.0
2615,11841607,116,,321.0
2616,11841568,192,,515.0
2617,11841593,132,,361.0
2618,11841576,191,,491.0
2619,11841595,166,,457.0
2620,11841613,217,,555.0
2621,11841588,169,,447.0
2622,11841566,191,,506.0
2623,11841620,157,,418.0
2624,11841592,198,,512.0
2625,11841591,170,,451.0
2626,11841625,212,,545.0
2627,11841582,256,,635.0
2628,11841567,185,,496.0
2629,11841622,93,,260.0
2630,11841627,56,,160.0
2631,11841572,232,,577.0
2632,11841587,181,,479.0
2633,11841624,121,,341.0
2634,11841615,162,,434.0
2635,11841585,223,,571.0
2636,11841609,74,,205.0
2637,11841575,251,,641.0
2638,11841579,250,,632.0
2639,11841601,329,,775.0
2640,11841610,133,,363.0
2641,11841623,208,,525.0
2642,11841594,81,,232.0
2643,11841616,222,,565.0
2644,11841596,74,,209.0
2645,11841612,361,,844.0
2646,11841598,211,,552.0
2647,11841581,226,,587.0
2648,11841628,195,,509.0
2649,11841599,144,,400.0
2650,11841614,202,,533.0
2651,11841584,184,,482.0
2652,11841611,244,,628.0
2653,11841608,198,,509.0
2654,11841578,160,,425.0
2655,11841617,170,,457.0
2656,11841583,239,,600.0
2657,11841672,81,,232.0
2658,11841634,135,,363.0
2659,11841645,196,,514.0
2660,11841638,188,,506.0
2661,11841669,220,,563.0
2662,11841649,30,,90.0
2663,11841651,133,,361.0
2664,11841687,235,,590.0
2665,11841678,267,,672.0
2666,11841675,201,,536.0
2667,11841654,44,,126.0
2668,11841658,207,,534.0
2669,11841643,295,,713.0
2670,11841657,179,,482.0
2671,11841691,218,,547.0
2672,11841689,176,,463.0
2673,11841676,232,,590.0
2674,11841679,194,,502.0
2675,11841664,92,,255.0
2676,11841636,226,,582.0
2677,11841665,191,,510.0
2678,11841674,131,,363.0
2679,11841630,191,,502.0
2680,11841637,199,,524.0
2681,11841653,179,,478.0
2682,11841659,155,,420.0
2683,11841644,123,,344.0
2684,11841641,259,,648.0
2685,11841647,151,,414.0
2686,11841648,185,,471.0
2687,11841680,201,,509.0
2688,11841688,210,,547.0
2689,11841650,87,,246.0
2690,11841655,65,,189.0
2691,11841639,262,,656.0
2692,11841685,214,,552.0
2693,11841646,190,,497.0
2694,11841662,184,,495.0
2695,11841663,160,,430.0
2696,11841670,164,,439.0
2697,11841673,80,,229.0
2698,11841671,217,,571.0
2699,11841684,187,,484.0
2700,11841683,236,,603.0
2701,11841681,245,,622.0
2702,11841690,200,,515.0
2703,11841631,180,,482.0
2704,11841640,180,,474.0
2705,11841633,196,,515.0
2706,11841682,304,,720.0
2707,11841692,161,,430.0
2708,11841660,220,,557.0
2709,11841686,205,,531.0
2710,11841635,195,,516.0
2711,11841656,231,,589.0
2712,11841632,178,,468.0
2713,11841693,124,,335.0
2714,11841661,116,,319.0
2715,11841668,199,,517.0
2716,11841666,212,,550.0
2717,11841652,79,,224.0
2718,11841677,237,,595.0
2719,11841642,131,,356.0
2720,11841667,209,,546.0
2721,11841737,211,,549.0
2722,11841718,162,,441.0
2723,11841742,221,,560.0
2724,11841746,158,,420.0
2725,11841702,240,,587.0
2726,11841755,157,,420.0
2727,11841753,190,,501.0
2728,11841756,207,,525.0
2729,11841747,165,,428.0
2730,11841732,176,,463.0
2731,11841749,168,,448.0
2732,11841704,241,,596.0
2733,11841713,176,,465.0
2734,11841735,216,,563.0
2735,11841757,165,,438.0
2736,11841720,216,,564.0
2737,11841741,197,,514.0
2738,11841708,232,,578.0
2739,11841712,183,,487.0
2740,11841701,177,,464.0
2741,11841748,100,,280.0
2742,11841715,165,,434.0
2743,11841739,183,,482.0
2744,11841705,214,,565.0
2745,11841736,159,,438.0
2746,11841710,187,,503.0
2747,11841711,231,,587.0
2748,11841721,165,,457.0
2749,11841725,181,,476.0
2750,11841744,166,,447.0
2751,11841740,143,,398.0
2752,11841745,188,,491.0
2753,11841731,204,,533.0
2754,11841696,201,,541.0
2755,11841751,198,,517.0
2756,11841707,194,,498.0
2757,11841724,269,,663.0
2758,11841750,176,,462.0
2759,11841714,227,,576.0
2760,11841695,214,,552.0
2761,11841703,239,,607.0
2762,11841729,170,,460.0
2763,11841699,209,,544.0
2764,11841743,121,,344.0
2765,11841733,193,,506.0
2766,11841709,224,,589.0
2767,11841730,96,,272.0
2768,11841758,186,,485.0
2769,11841754,161,,424.0
2770,11841719,229,,578.0
2771,11841728,181,,472.0
2772,11841726,198,,529.0
2773,11841700,238,,599.0
2774,11841698,251,,622.0
2775,11841752,195,,504.0
2776,11841697,237,,617.0
2777,11841723,192,,496.0
2778,11841727,152,,400.0
2779,11841706,180,,480.0
2780,11841717,197,,516.0
2781,11841716,219,,567.0
2782,11841738,160,,420.0
2783,11841722,208,,544.0
2784,11841734,155,,417.0
2785,11841814,245,,627.0
2786,11841764,101,,280.0
2787,11841776,194,,512.0
2788,11841773,171,,447.0
2789,11841782,186,,484.0
2790,11841816,151,,403.0
2791,11841778,178,,463.0
2792,11841792,242,,596.0
2793,11841761,152,,403.0
2794,11841803,151,,419.0
2795,11841760,189,,500.0
2796,11841763,290,,700.0
2797,11841762,263,,652.0
2798,11841817,221,,572.0
2799,11841785,184,,481.0
2800,11841784,235,,594.0
2801,11841822,190,,489.0
2802,11841772,177,,466.0
2803,11841801,192,,510.0
2804,11841823,246,,621.0
2805,11841795,216,,548.0
2806,11841766,227,,582.0
2807,11841779,151,,400.0
2808,11841815,291,,687.0
2809,11841771,205,,527.0
2810,11841802,303,,741.0
2811,11841810,167,,441.0
2812,11841791,336,,798.0
2813,11841790,200,,525.0
2814,11841775,88,,246.0
2815,11841781,166,,445.0
2816,11841818,352,,834.0
2817,11841787,169,,448.0
2818,11841798,151,,402.0
2819,11841789,230,,582.0
2820,11841765,235,,603.0
2821,11841799,173,,457.0
2822,11841808,207,,534.0
2823,11841788,217,,574.0
2824,11841804,465,,999.0
2825,11841819,262,,639.0
2826,11841813,263,,645.0
2827,11841777,202,,523.0
2828,11841768,182,,484.0
2829,11841797,170,,445.0
2830,11841793,197,,521.0
2831,11841767,174,,467.0
2832,11841800,246,,627.0
2833,11841805,254,,626.0
2834,11841780,217,,557.0
2835,11841812,242,,606.0
2836,11841786,237,,593.0
2837,11841806,208,,552.0
2838,11841774,122,,335.0
2839,11841811,199,,515.0
2840,11841783,192,,508.0
2841,11841794,198,,499.0
2842,11841820,295,,722.0
2843,11841770,185,,483.0
2844,11841821,257,,654.0
2845,11841769,335,,794.0
2846,11841809,237,,599.0
2847,11841796,357,,828.0
2848,11841807,240,,611.0
